"Weekly Lyme Disease Cases, 2006-2014",,,,,,,,,,,,,,,,,,,,,,,,,,,,,,,,,,,,,,,,,,,,,,,,,,,,,,,,,,,,
"Data provided by Project Tycho, Data Version 1.0.0, released 28 November 2013.",,,,,,,,,,,,,,,,,,,,,,,,,,,,,,,,,,,,,,,,,,,,,,,,,,,,,,,,,,,,
YEAR,WEEK,ALABAMA,ALASKA,AMERICAN SAMOA,ARIZONA,ARKANSAS,CALIFORNIA,COLORADO,CONNECTICUT,DELAWARE,DISTRICT OF COLUMBIA,FLORIDA,GEORGIA,GUAM,HAWAII,IDAHO,ILLINOIS,INDIANA,IOWA,KANSAS,KENTUCKY,LOUISIANA,MAINE,MARYLAND,MASSACHUSETTS,MICHIGAN,MINNESOTA,MISSISSIPPI,MISSOURI,MONTANA,NEBRASKA,NEVADA,NEW HAMPSHIRE,NEW JERSEY,NEW MEXICO,NEW YORK,NEW YORK CITY,NORTH CAROLINA,NORTH DAKOTA,NORTHERN MARIANA ISLANDS,OHIO,OKLAHOMA,OREGON,PAC TRUST TERR,PENNSYLVANIA,PUERTO RICO,RHODE ISLAND,SOUTH CAROLINA,SOUTH DAKOTA,TENNESSEE,TEXAS,UPSTATE NEW YORK,UTAH,VERMONT,VIRGIN ISLANDS,VIRGINIA,WASHINGTON,WEST VIRGINIA,WISCONSIN,WYOMING
2006,1,-,-,-,-,-,-,-,-,-,-,-,-,-,-,-,-,-,-,-,-,-,-,7,-,-,-,-,-,-,-,-,-,-,-,-,-,2,-,-,-,-,-,-,3,-,-,-,-,-,-,2,-,-,-,-,-,-,-,-
2006,2,-,-,-,-,-,5,-,-,-,-,-,-,-,-,-,-,-,-,-,-,-,-,2,-,-,-,-,-,-,-,-,-,-,-,-,-,-,-,-,-,-,-,-,7,-,-,-,-,-,-,3,-,-,-,-,-,-,-,-
2006,3,-,-,-,-,-,1,-,-,-,-,1,-,-,-,-,-,-,-,1,-,-,-,8,-,-,-,-,-,-,-,-,1,-,-,-,-,2,-,-,-,-,-,-,4,-,-,0,-,-,-,4,-,-,-,-,-,-,-,-
2006,4,-,-,-,-,-,3,-,1,1,1,-,-,-,-,-,-,-,-,-,-,-,-,-,-,-,-,-,-,-,-,-,-,-,-,-,-,1,-,-,-,-,-,-,8,-,-,-,-,-,-,7,-,-,-,-,-,-,-,-
2006,5,-,-,-,-,-,6,-,-,-,-,2,-,-,-,-,-,-,-,-,-,-,-,5,-,-,-,-,-,-,-,-,-,-,-,-,-,-,-,-,-,-,-,-,6,-,-,-,-,-,-,16,-,-,-,-,-,-,-,-
2006,6,-,-,-,-,-,3,-,8,-,-,1,-,-,-,-,-,-,-,-,-,-,-,1,-,-,6,-,1,-,-,-,-,-,-,-,-,-,-,-,-,-,-,-,4,-,-,-,-,-,-,9,-,-,-,-,-,-,-,-
2006,7,-,-,-,-,-,6,-,-,-,1,2,-,-,-,-,-,-,-,-,-,-,-,2,-,-,2,-,-,-,-,-,-,-,-,-,-,-,-,-,1,-,-,-,2,-,-,-,-,-,-,15,-,-,-,-,-,-,-,-
2006,8,-,-,-,-,-,3,-,-,-,-,-,-,-,-,-,-,-,-,-,-,-,-,2,-,-,-,-,-,-,-,-,-,-,-,-,-,-,-,-,-,-,-,-,3,-,-,-,-,-,-,15,-,-,-,-,-,-,-,-
2006,9,-,-,-,-,-,3,-,2,-,2,3,-,-,-,-,-,-,-,-,-,-,-,-,-,-,1,-,-,-,1,-,-,-,-,-,-,-,-,-,-,-,-,-,5,-,-,1,-,-,-,21,-,-,-,-,-,-,-,-
2006,10,-,-,-,-,-,6,-,7,1,-,-,-,-,-,-,-,-,-,-,-,-,-,12,-,-,6,-,-,-,-,-,2,-,-,-,-,2,-,-,-,-,-,-,6,-,-,-,-,-,-,102,-,-,-,-,-,-,-,-
2006,11,-,-,-,-,-,17,-,-,2,-,1,-,-,-,-,-,-,-,-,-,-,-,10,-,-,6,-,-,-,-,-,1,2,-,-,-,-,-,-,-,-,-,-,4,-,-,1,-,-,-,59,-,-,-,-,-,-,-,-
2006,12,-,-,-,-,-,1,-,2,-,-,1,-,-,-,-,-,-,-,-,-,-,-,1,-,-,2,-,-,-,-,-,-,-,-,-,-,-,-,-,-,-,-,-,2,-,-,-,-,-,-,77,-,-,-,-,-,-,-,-
2006,13,-,-,-,-,-,-,-,-,-,-,1,-,-,-,-,-,-,-,-,-,-,-,3,-,-,-,-,-,-,-,-,-,-,-,-,-,1,-,-,-,-,-,-,4,-,-,-,-,-,-,53,-,-,-,-,-,-,-,-
2006,14,-,-,-,-,-,4,-,3,-,-,-,-,-,-,0,-,-,-,-,-,-,-,-,-,-,5,-,-,-,-,-,-,-,-,-,-,-,-,-,-,-,-,-,3,-,-,-,-,-,-,132,-,-,-,-,-,-,-,-
2006,15,-,-,-,-,-,-,-,-,-,1,1,-,-,-,-,-,-,-,-,-,-,-,-,-,-,1,-,-,-,-,-,-,-,-,-,-,-,-,-,-,-,-,-,2,-,-,-,-,-,-,8,-,-,-,-,-,-,-,-
2006,16,-,-,-,-,-,2,-,-,-,-,-,-,-,-,-,-,-,-,-,-,-,-,-,-,-,1,-,-,-,-,-,-,-,-,-,-,-,-,-,-,-,-,-,3,-,-,-,-,-,-,35,-,-,-,-,-,-,-,-
2006,17,-,-,-,-,-,3,-,-,-,1,1,-,-,-,-,0,-,-,-,-,-,1,-,-,-,3,-,-,-,-,-,2,-,-,-,-,-,-,-,1,-,-,-,2,-,-,-,-,-,-,12,-,-,-,-,-,-,-,-
2006,18,-,-,-,-,-,3,-,-,4,-,-,-,-,-,-,-,-,-,-,-,-,1,-,-,-,6,-,-,-,-,-,1,-,-,-,-,-,-,-,-,-,-,-,7,-,-,-,-,-,-,68,-,-,-,-,-,-,-,-
2006,19,-,-,-,-,-,4,-,-,1,-,-,-,-,-,-,-,-,-,-,-,-,-,3,-,-,2,-,-,-,-,-,-,1,-,-,-,-,-,-,-,-,-,-,4,-,-,1,-,-,-,17,-,-,-,-,-,-,-,-
2006,20,-,-,-,-,-,10,-,11,-,-,1,-,-,-,-,-,-,-,-,-,-,-,-,-,-,2,-,-,-,-,-,-,3,-,-,-,1,-,-,1,-,-,-,14,-,-,-,-,-,-,19,1,2,-,-,-,-,-,-
2006,21,-,-,-,-,-,9,-,6,1,-,-,-,-,-,-,-,-,-,-,-,-,-,-,-,-,3,-,1,-,-,-,-,-,-,-,-,-,-,-,1,-,-,-,10,-,-,-,-,-,-,55,1,-,-,-,-,-,-,-
2006,22,-,-,-,-,-,8,-,-,-,-,1,-,-,-,-,-,-,-,-,-,-,-,-,-,-,4,-,-,-,1,-,-,-,-,-,-,-,-,-,-,-,-,-,7,-,-,-,-,-,-,42,-,-,-,-,-,-,-,-
2006,23,-,-,-,-,-,7,-,22,-,-,-,-,-,-,-,-,-,-,-,-,-,-,-,-,-,3,-,2,-,-,-,2,-,-,-,-,-,-,-,-,-,-,-,18,-,-,-,-,-,-,18,-,-,-,-,-,-,-,-
2006,24,-,-,-,-,-,-,-,-,-,1,-,-,-,-,-,-,-,-,-,-,-,-,8,-,-,-,-,-,-,1,-,5,-,-,-,-,-,-,-,-,-,1,-,23,-,-,1,-,1,-,60,-,-,-,4,-,-,-,-
2006,25,-,-,-,-,-,6,-,-,2,-,-,-,-,-,-,-,-,-,-,-,-,-,9,-,-,10,-,2,-,-,-,-,-,-,-,-,-,-,-,-,-,-,-,15,-,-,-,-,1,-,131,-,-,-,3,-,-,-,-
2006,26,-,-,-,-,-,3,-,225,-,-,-,-,-,-,-,-,-,-,-,-,-,-,-,-,1,21,-,-,-,-,-,10,-,-,-,1,2,-,-,-,-,-,-,19,-,-,-,-,-,-,67,-,-,-,-,-,-,-,-
2006,27,-,-,-,-,-,2,-,124,5,1,-,-,-,-,-,-,-,-,-,-,-,-,1,-,1,-,-,-,-,-,-,5,-,-,-,-,4,-,-,-,-,-,-,14,-,-,-,-,-,-,152,1,-,-,-,-,-,-,-
2006,28,1,1,-,-,-,5,-,96,3,2,-,-,-,-,-,-,-,-,-,-,-,-,11,-,2,28,-,-,-,-,-,18,4,-,-,-,-,-,-,-,-,-,-,32,-,-,-,-,-,-,148,1,-,-,6,-,-,-,-
2006,29,-,-,-,-,-,20,-,184,-,7,4,-,-,-,-,-,1,-,-,-,-,8,16,-,1,10,-,1,-,-,-,17,13,-,-,-,-,-,-,-,-,-,-,-,-,-,-,-,-,-,140,-,3,-,-,1,-,-,-
2006,30,-,-,-,-,-,6,-,148,3,-,3,-,-,-,1,-,-,-,-,-,-,-,9,-,-,38,-,-,-,1,-,13,-,-,-,-,1,-,-,-,-,-,-,35,-,-,-,-,-,-,196,-,-,-,19,1,-,-,-
2006,31,-,-,-,-,-,13,1,69,-,2,2,-,-,-,-,-,1,-,-,-,-,3,20,-,2,14,-,-,-,-,-,-,6,-,-,-,-,-,-,-,-,-,-,71,-,-,1,-,-,-,217,1,-,-,-,-,-,-,-
2006,32,-,-,-,-,-,14,-,154,-,4,2,-,-,-,-,-,1,-,-,-,-,-,12,-,1,52,-,-,-,-,-,-,-,-,-,-,1,-,-,-,-,1,-,23,-,-,1,-,-,-,242,-,2,-,20,1,-,-,-
2006,33,-,-,-,-,-,10,-,121,-,3,2,-,-,-,-,-,-,-,-,-,-,-,15,-,2,6,-,-,-,-,-,-,-,-,-,-,1,-,-,-,-,-,-,35,-,-,-,-,-,-,252,-,3,-,11,-,-,-,-
2006,34,1,-,-,-,-,5,-,99,1,4,1,-,-,-,1,-,-,1,-,-,-,-,-,-,-,-,-,-,-,-,-,15,-,-,-,-,2,-,-,-,-,-,-,23,-,-,-,-,2,1,154,-,-,-,5,-,2,-,-
2006,35,-,-,-,-,-,13,-,18,-,2,1,1,-,-,-,-,1,-,-,2,-,23,14,-,2,-,-,-,-,1,-,4,-,-,-,-,-,-,-,-,-,-,-,19,-,-,-,-,-,-,139,-,5,-,8,-,-,-,-
2006,36,-,-,-,-,-,4,-,20,1,-,1,-,-,-,-,-,-,-,-,-,-,9,2,-,-,-,-,-,-,-,-,4,-,-,-,-,-,-,-,-,-,-,-,14,-,-,-,-,1,-,75,-,1,-,-,-,-,-,-
2006,37,-,-,-,-,-,8,-,46,-,4,2,-,-,-,-,-,-,-,-,-,-,-,2,-,1,-,-,-,-,-,-,1,-,-,-,-,2,-,-,-,-,-,-,16,-,-,1,-,-,-,160,-,-,-,6,-,-,-,-
2006,38,-,-,-,-,-,12,-,72,4,-,1,-,-,-,-,-,-,-,-,1,-,-,-,-,-,167,-,-,-,-,-,1,-,-,-,-,-,-,-,1,-,-,-,17,-,-,-,-,-,-,164,-,-,-,-,-,1,-,-
2006,39,-,-,-,-,-,8,-,32,-,1,5,-,-,-,2,-,-,-,-,-,-,-,-,-,2,-,-,-,-,-,-,2,-,-,-,-,1,-,-,1,-,-,-,10,-,-,-,-,-,-,161,-,1,-,9,-,-,-,-
2006,40,-,-,-,-,-,-,-,11,-,2,3,-,-,-,-,-,-,-,-,-,-,16,2,-,1,-,-,-,-,-,-,2,-,-,-,-,-,-,-,-,-,-,-,11,-,-,-,-,-,1,51,-,-,-,1,-,-,-,-
2006,41,-,-,-,1,-,4,-,37,2,-,-,-,-,-,-,-,-,-,-,-,-,16,2,-,-,-,-,1,-,-,-,1,-,-,-,-,1,-,-,-,-,-,-,5,-,-,1,-,1,-,57,-,2,-,-,-,-,-,-
2006,42,-,-,-,1,-,3,-,19,2,5,-,-,-,-,-,-,-,-,-,-,-,17,4,-,1,29,-,-,-,1,-,2,-,-,-,-,-,-,-,-,-,-,-,7,-,-,-,-,-,1,60,-,-,-,4,-,-,-,-
2006,43,-,-,-,-,-,4,-,6,-,-,3,-,-,-,-,-,1,-,-,-,-,12,5,-,-,60,-,-,-,-,-,1,-,-,-,-,2,-,-,-,-,-,-,11,-,-,-,-,-,-,151,-,-,-,-,-,-,-,-
2006,44,-,-,-,-,-,8,-,31,-,5,-,1,-,-,-,-,-,-,-,-,-,-,5,-,-,119,-,-,-,-,-,1,-,-,-,-,-,-,-,-,-,-,-,16,-,30,-,-,-,-,115,-,-,-,-,-,-,-,-
2006,45,3,-,-,-,-,3,-,10,1,-,4,-,-,-,-,-,-,-,-,-,-,-,3,-,-,-,-,-,-,-,-,7,3,-,-,-,2,-,-,-,-,-,-,3,-,62,-,-,-,-,22,-,2,-,-,-,-,-,-
2006,46,-,-,-,-,-,-,-,7,-,1,3,-,-,-,-,-,-,-,-,-,-,21,3,-,-,-,-,-,-,-,-,-,-,-,-,-,-,-,-,-,-,-,-,-,-,93,-,-,-,-,43,-,-,-,-,-,-,-,-
2006,47,-,-,-,-,-,1,-,16,-,-,4,-,-,-,-,-,-,-,-,-,-,18,6,-,-,-,-,-,-,-,-,-,2,-,-,-,-,-,-,-,-,-,-,3,-,49,-,-,-,1,52,-,-,-,-,-,-,-,-
2006,48,1,-,-,-,-,2,-,3,2,-,4,-,-,-,-,-,2,-,-,-,-,6,24,-,1,53,-,-,-,-,-,-,-,-,-,-,-,-,-,-,-,-,-,3,-,-,-,-,-,-,135,-,1,-,15,-,-,-,-
2006,49,1,-,-,-,-,1,-,11,-,3,3,-,-,-,-,-,-,-,-,-,-,-,5,-,-,40,-,-,-,-,-,2,-,-,-,-,-,-,-,-,-,-,-,29,-,-,-,-,-,-,59,-,-,-,-,-,-,-,-
2006,50,-,-,-,-,-,3,-,10,5,-,1,-,-,-,-,-,-,-,-,-,-,-,-,-,-,31,-,-,-,-,-,1,-,-,-,-,-,-,-,-,-,-,-,18,-,-,-,-,-,-,73,-,-,-,0,-,-,-,-
2006,51,-,-,-,-,-,-,-,16,-,-,2,-,-,-,-,-,-,-,-,-,-,6,9,-,-,1,-,-,-,-,-,-,-,-,-,-,1,-,-,-,-,-,-,27,-,-,-,-,-,-,40,-,2,-,10,-,-,-,-
2006,52,-,-,-,-,-,-,-,7,-,-,1,-,-,-,-,-,-,-,-,-,-,-,13,-,-,-,-,-,-,-,-,-,-,-,-,-,-,-,-,-,-,-,-,23,-,-,-,-,-,1,25,-,1,-,2,-,-,-,-
2007,1,-,-,-,-,-,2,-,-,-,-,-,-,-,-,-,-,-,-,1,-,-,-,-,-,-,-,-,-,-,-,-,-,-,-,-,-,-,-,-,-,-,-,-,-,-,-,-,-,-,-,16,-,-,-,-,-,-,-,-
2007,2,-,-,-,-,-,-,-,1,2,-,2,-,-,-,-,-,-,-,-,-,-,-,16,-,-,-,-,-,-,-,-,-,1,-,-,-,-,-,-,-,-,-,-,-,-,-,-,-,-,-,4,-,1,-,-,-,-,-,-
2007,3,-,-,-,-,-,-,-,3,3,-,1,-,-,-,-,-,-,-,-,-,-,-,5,-,-,-,-,-,-,-,-,-,-,-,-,-,-,-,-,-,-,-,-,95,-,-,-,-,-,-,6,-,-,-,-,-,-,-,-
2007,4,-,-,-,-,-,2,-,1,3,-,1,-,-,-,-,-,-,-,-,-,-,-,14,-,-,-,-,-,-,-,-,1,-,-,-,-,-,-,-,-,-,-,-,4,-,-,-,-,-,1,7,-,1,-,1,-,-,-,-
2007,5,-,-,-,-,-,2,-,1,2,-,2,-,-,-,-,-,-,-,-,-,-,-,10,-,-,6,-,-,-,-,-,-,-,-,-,-,-,-,-,-,-,-,-,7,-,-,-,-,-,-,15,-,-,-,2,-,-,-,-
2007,6,-,-,-,-,-,-,-,1,2,-,-,-,-,-,-,-,-,-,-,-,-,5,3,-,-,1,-,-,-,-,-,1,-,-,-,-,-,-,-,-,-,-,-,5,-,-,-,-,-,-,18,-,1,-,-,-,-,-,-
2007,7,-,1,-,-,-,-,-,5,-,-,1,-,-,-,-,-,-,-,-,-,-,-,57,-,-,5,-,-,-,-,-,2,-,-,-,-,-,-,-,-,-,2,-,7,-,-,-,-,-,-,4,-,-,-,1,-,-,-,-
2007,8,-,1,-,-,-,2,-,1,-,-,-,-,-,-,-,-,-,-,-,-,-,-,13,-,1,1,-,-,-,-,-,-,-,-,-,-,-,-,-,-,-,-,-,3,-,-,-,-,-,1,18,-,-,-,8,-,-,-,-
2007,9,-,-,-,-,-,2,-,5,3,-,-,-,-,-,-,-,-,-,-,-,-,-,72,-,-,-,-,-,-,-,-,1,-,-,-,-,-,-,-,-,-,-,-,-,-,-,-,-,-,-,12,-,-,-,-,-,-,-,-
2007,10,-,-,-,-,-,3,-,2,-,-,2,-,-,-,-,-,-,-,-,-,-,-,-,-,-,2,-,-,-,-,-,3,-,-,-,-,-,-,-,-,-,-,-,2,-,-,-,-,-,-,17,-,-,-,2,-,-,-,-
2007,11,-,-,-,-,-,1,-,-,2,1,1,-,-,-,-,-,-,-,1,-,-,8,5,-,-,-,-,-,-,-,-,-,-,-,-,-,-,-,-,-,-,-,-,2,-,-,-,-,-,-,21,-,-,-,-,-,-,-,-
2007,12,-,-,-,-,-,-,-,-,2,-,3,-,-,-,-,-,-,-,-,-,-,-,-,-,1,-,-,-,-,-,-,-,-,-,-,-,1,-,-,-,-,-,-,7,-,-,-,-,-,-,14,-,1,-,1,-,-,-,-
2007,13,-,-,-,-,-,3,-,-,3,-,-,-,-,-,-,-,-,-,-,-,-,-,10,-,-,-,-,-,-,-,-,1,-,-,-,-,4,-,-,-,-,-,-,3,-,-,-,-,-,1,29,-,-,-,3,-,-,-,-
2007,14,-,-,-,-,-,5,-,-,4,-,3,-,-,-,-,-,-,-,-,-,-,-,15,-,-,-,-,1,-,-,-,1,-,-,-,-,1,-,-,-,-,-,-,3,-,-,-,-,-,-,16,-,1,-,3,-,-,-,-
2007,15,-,-,-,-,-,3,-,-,2,-,-,-,-,-,-,-,-,-,-,-,-,-,-,-,-,8,-,-,-,-,-,2,-,-,-,-,-,-,-,1,-,-,-,8,-,-,-,-,-,-,18,-,-,-,-,-,-,-,-
2007,16,-,-,-,-,-,3,-,1,-,-,1,-,-,-,1,-,-,-,-,-,-,-,8,-,-,3,-,-,-,-,-,3,-,-,-,-,-,-,-,-,-,-,-,2,-,-,-,-,2,-,9,-,1,-,2,-,-,-,-
2007,17,-,-,-,-,-,-,-,-,3,1,-,-,-,-,-,-,-,-,-,-,-,-,7,-,-,6,-,1,-,-,-,-,-,-,-,-,-,-,-,-,-,-,-,10,-,-,-,-,-,-,10,-,-,-,3,-,-,-,-
2007,18,-,-,-,-,-,7,-,4,4,-,1,-,-,-,-,-,-,-,-,-,-,3,2,-,-,-,-,-,-,-,-,2,-,-,-,-,-,-,-,-,-,-,-,7,-,-,-,-,-,-,55,-,-,-,1,-,-,-,-
2007,19,1,-,-,-,-,2,-,19,6,1,1,-,-,-,1,-,-,-,-,-,-,-,6,-,-,-,-,-,-,-,-,-,-,-,-,-,-,-,-,-,-,-,-,5,-,-,1,-,-,-,26,-,3,-,5,-,-,-,-
2007,20,-,-,-,-,-,1,-,4,7,-,1,-,-,-,-,-,-,-,1,-,-,-,11,-,-,3,-,-,-,-,-,2,-,-,-,-,-,-,-,1,-,-,-,3,-,-,-,-,-,3,29,-,-,-,15,-,-,-,-
2007,21,-,-,-,-,-,2,-,14,-,-,-,-,-,-,-,-,-,-,1,-,-,-,-,-,-,6,-,-,-,-,-,-,-,-,-,-,-,-,-,-,-,-,-,13,-,-,-,-,-,-,-,-,-,-,-,-,-,-,-
2007,22,-,-,-,-,-,2,-,-,2,-,2,-,-,-,-,-,1,-,-,-,-,-,7,-,-,4,-,-,-,-,-,3,-,-,-,-,2,-,-,-,-,1,-,12,-,-,-,-,-,-,-,-,-,-,8,-,-,-,-
2007,23,-,-,-,-,-,-,-,51,7,-,-,-,-,-,-,-,-,-,-,-,-,1,14,-,-,3,-,-,-,1,-,1,2,-,-,-,-,-,-,-,-,-,-,16,-,-,1,-,-,-,69,-,3,-,-,-,-,-,-
2007,24,-,-,-,-,-,1,-,37,-,-,1,-,-,-,-,-,1,-,-,-,-,-,9,-,-,15,-,-,-,-,-,5,-,-,-,-,6,-,-,-,-,-,-,27,-,-,1,-,2,-,77,-,-,-,25,-,-,-,-
2007,25,-,-,-,-,-,3,-,67,13,-,2,-,-,-,-,-,-,-,-,-,-,-,18,-,-,-,-,-,-,-,-,6,-,-,-,-,5,-,-,-,-,-,-,49,-,-,-,-,1,-,56,-,6,-,22,-,-,-,-
2007,26,-,-,-,-,-,3,-,95,-,-,1,-,-,-,-,-,-,-,-,-,-,-,-,-,2,-,-,1,-,-,-,-,-,-,-,-,-,-,-,-,-,-,-,52,-,-,-,-,-,-,142,-,-,-,-,-,-,-,-
2007,27,-,-,-,-,-,3,-,24,1,-,2,-,-,-,-,-,-,-,-,-,-,10,19,-,1,-,-,4,-,-,-,2,-,-,-,-,1,-,-,2,-,-,-,39,-,-,-,-,1,-,108,-,3,-,1,-,4,-,-
2007,28,-,-,-,-,-,10,-,214,15,-,2,-,-,-,-,-,2,-,-,-,-,-,-,-,-,12,-,3,-,-,-,-,9,-,-,-,1,-,-,-,-,-,-,73,-,-,-,-,-,-,142,-,7,-,21,-,-,-,-
2007,29,-,-,-,-,-,4,-,213,12,-,4,-,-,-,-,-,-,-,-,-,-,13,18,-,-,39,-,-,-,1,-,5,2,-,-,-,-,-,-,2,-,-,-,60,-,-,1,-,-,-,192,-,-,-,10,-,7,-,-
2007,30,-,-,-,-,-,3,-,81,12,-,1,-,-,-,-,-,-,-,1,-,-,22,25,-,1,14,-,1,-,-,-,8,-,-,-,-,2,-,-,-,-,-,-,41,-,-,-,-,-,-,190,-,3,-,51,-,6,-,-
2007,31,-,1,-,-,-,2,-,78,6,-,5,-,-,-,2,-,2,-,-,-,-,6,17,-,1,17,-,-,-,-,-,4,-,-,-,1,3,-,-,-,-,-,-,37,-,-,-,-,-,2,198,-,4,-,12,-,-,-,-
2007,32,-,-,-,-,-,4,-,91,11,-,2,-,-,-,-,-,2,-,-,-,-,-,19,-,3,32,-,-,-,-,1,7,4,-,-,-,4,2,-,-,-,-,-,31,-,-,1,-,1,-,162,-,3,-,1,-,-,-,-
2007,33,-,1,-,-,-,4,-,116,6,-,3,-,-,-,-,-,-,-,-,-,-,41,15,-,-,-,-,-,-,-,1,5,3,-,-,-,1,-,-,-,-,-,-,62,-,-,-,-,2,1,110,-,1,-,-,-,-,-,-
2007,34,-,1,-,1,-,2,-,90,8,-,5,-,-,-,-,-,-,-,-,-,-,-,12,-,-,3,-,1,-,-,-,2,1,-,-,-,-,-,-,-,-,-,-,36,-,-,-,-,-,1,114,-,-,-,20,-,-,-,-
2007,35,-,-,-,-,-,5,-,31,4,-,3,-,-,-,-,-,4,-,-,-,-,19,10,-,1,-,-,-,-,-,-,2,-,-,-,-,-,-,-,2,-,-,-,-,-,5,-,-,1,-,123,-,1,-,26,-,-,-,-
2007,36,-,-,-,-,-,2,-,59,5,-,4,-,-,-,-,-,1,-,-,-,-,41,9,-,-,-,-,-,-,-,-,2,-,-,-,-,-,-,-,-,-,-,-,22,-,-,-,-,1,-,140,-,-,-,11,1,9,-,-
2007,37,-,-,-,-,-,4,-,89,5,-,4,-,-,-,-,-,-,-,-,-,-,33,8,-,-,-,-,-,-,-,-,-,2,-,-,-,-,-,-,1,-,-,-,22,-,-,1,-,1,-,178,1,-,-,3,-,-,3,-
2007,38,-,-,-,-,1,9,1,43,4,-,6,-,-,-,-,-,-,-,-,-,-,36,-,-,-,27,-,-,-,-,-,-,-,-,-,-,-,-,-,-,-,-,-,15,-,74,-,-,-,-,131,-,1,-,2,-,-,1,-
2007,39,-,-,-,-,-,8,-,8,3,-,11,-,-,-,-,-,-,-,-,-,-,6,12,-,-,1,-,-,-,-,-,2,1,-,-,-,8,-,-,-,-,-,-,6,-,13,-,-,3,2,140,-,1,-,4,-,-,-,-
2007,40,-,-,-,-,-,2,-,25,-,-,6,-,-,-,-,-,-,-,-,-,-,6,6,-,-,-,-,-,-,-,-,3,1,-,-,-,1,-,-,-,-,-,-,6,-,-,-,-,-,-,-,-,2,-,1,-,-,-,-
2007,41,-,-,-,-,-,3,-,15,5,-,3,-,-,-,-,-,-,-,-,-,-,13,12,-,-,1,-,-,-,-,-,-,-,-,-,-,-,-,-,-,-,-,-,-,-,-,-,-,-,1,66,-,1,-,-,-,-,-,-
2007,42,-,-,-,-,-,7,-,7,6,-,1,-,-,-,-,-,-,-,-,-,-,-,59,-,-,108,-,-,-,1,-,1,-,-,-,-,2,-,-,-,-,-,-,6,-,-,-,-,-,-,51,-,-,-,22,-,-,-,-
2007,43,-,1,-,-,-,6,-,-,-,-,3,-,-,-,-,-,-,-,-,-,-,13,56,-,-,-,-,-,-,-,-,-,-,-,-,-,-,-,-,-,-,-,-,15,-,-,-,-,-,-,85,1,2,-,24,2,9,-,-
2007,44,-,-,-,-,-,-,-,6,1,-,-,-,-,-,-,-,-,-,-,-,-,40,32,-,-,57,-,-,-,-,-,1,-,-,-,-,-,-,-,-,-,-,-,12,-,-,-,-,-,3,66,-,-,-,-,-,-,1,-
2007,45,-,-,-,-,-,-,-,18,-,-,2,-,-,-,1,-,-,-,-,-,-,9,98,-,-,-,-,-,-,-,-,-,-,-,-,-,-,-,-,-,-,-,-,17,-,-,-,-,1,-,73,-,-,-,15,-,-,-,-
2007,46,-,1,-,-,-,4,-,28,4,-,-,-,-,-,-,-,-,-,-,-,-,11,13,-,-,50,-,2,-,1,-,-,-,-,-,-,1,-,-,-,-,-,-,15,-,-,-,-,-,2,66,-,2,-,11,-,-,-,-
2007,47,-,-,-,-,-,1,-,12,4,-,1,-,-,-,-,-,-,-,-,-,-,12,13,-,-,19,-,-,-,-,-,-,-,-,-,-,-,-,-,-,-,-,-,9,-,2,-,-,-,-,55,-,1,-,7,-,-,-,-
2007,48,-,1,-,-,0,1,-,25,5,-,4,-,-,-,-,-,2,-,-,-,-,12,10,-,-,30,-,-,-,-,-,1,-,-,-,-,3,-,-,-,-,-,-,10,-,-,-,-,-,-,79,-,-,-,-,-,-,-,-
2007,49,-,-,-,-,-,4,-,11,6,-,3,1,-,-,-,-,-,-,-,-,-,10,5,-,-,40,-,-,-,-,-,-,-,-,-,-,3,-,-,-,-,-,-,14,-,-,-,-,1,2,36,-,-,-,18,-,5,-,-
2007,50,-,-,-,-,-,1,-,10,3,-,1,-,-,-,-,-,-,-,-,-,-,9,16,-,-,-,-,1,-,-,-,-,-,-,-,-,-,-,-,-,-,-,-,-,-,-,-,-,-,1,81,-,2,-,8,7,1,1,-
2007,51,-,-,-,-,-,-,-,1,-,-,3,-,-,-,-,-,-,-,-,-,-,-,7,-,-,-,-,-,-,-,-,-,-,-,-,-,1,-,-,-,-,1,-,15,-,-,-,-,-,-,28,-,1,-,4,-,-,-,-
2007,52,-,-,-,-,-,2,-,-,-,-,2,-,-,-,-,-,-,-,-,-,-,-,1,-,-,-,-,-,-,-,-,-,-,-,-,-,-,-,-,-,-,-,-,13,-,-,-,-,-,-,23,-,1,-,8,-,-,-,-
2008,1,-,-,-,-,-,2,1,-,1,-,2,-,-,-,-,-,-,-,-,-,-,-,2,-,-,-,-,-,-,-,-,-,-,-,-,-,-,-,-,-,-,-,-,29,-,-,-,-,-,-,-,-,-,-,-,-,-,-,-
2008,2,-,-,-,-,-,2,-,-,1,-,-,-,-,-,-,-,-,-,-,-,-,-,27,-,-,-,-,-,-,-,-,-,-,-,-,-,-,-,-,-,-,-,-,83,-,-,-,-,-,-,1,-,-,-,-,-,-,-,-
2008,3,-,-,-,-,-,4,-,-,-,-,2,1,-,-,-,-,-,-,-,-,-,-,4,-,-,-,-,-,-,-,-,-,-,-,-,-,-,-,-,-,-,-,-,115,-,-,-,-,-,-,5,-,-,-,-,-,-,-,-
2008,4,-,-,-,-,-,3,-,-,6,-,1,-,-,-,-,-,-,-,-,-,-,-,1,-,-,-,-,-,-,-,-,-,-,-,-,-,-,-,-,-,-,-,-,136,-,-,-,-,-,-,5,-,1,-,-,-,-,-,-
2008,5,-,-,-,-,-,6,-,-,1,-,2,-,-,-,-,-,-,-,-,-,-,-,9,-,-,-,-,-,-,-,-,-,-,-,-,-,-,-,-,-,-,-,-,145,-,-,-,-,-,-,3,-,-,-,-,-,-,-,-
2008,6,-,-,-,-,-,5,-,-,-,-,-,-,-,-,-,-,-,-,-,-,-,-,42,-,-,-,-,-,-,-,-,-,-,-,-,-,2,-,-,-,-,-,-,194,-,-,-,-,-,-,6,-,-,-,5,-,-,1,-
2008,7,-,-,-,-,-,4,-,-,2,-,2,-,-,-,-,-,-,-,-,-,-,-,15,-,-,-,-,-,-,-,-,-,-,-,-,-,-,-,-,-,-,-,-,-,-,-,-,-,-,-,5,-,-,-,-,-,-,-,-
2008,8,-,-,-,-,-,1,-,-,3,-,1,-,-,-,-,-,-,-,-,-,-,-,21,-,-,-,-,-,-,-,-,-,-,-,-,-,-,-,-,-,-,-,-,4,-,-,-,-,-,-,4,-,-,-,-,-,-,-,-
2008,9,-,-,-,-,-,-,-,-,3,-,3,-,-,-,-,-,-,-,-,-,-,-,31,-,-,-,-,-,-,-,-,-,-,-,-,-,-,-,-,-,-,-,-,7,-,-,-,-,-,-,13,-,-,-,-,-,-,-,-
2008,10,-,-,-,-,-,-,-,-,2,-,3,-,-,-,-,-,-,-,-,-,-,11,2,-,-,-,-,-,-,-,-,-,-,-,-,-,-,-,-,1,-,-,-,5,-,-,-,-,-,1,19,-,-,-,-,-,-,-,-
2008,11,-,-,-,-,-,2,1,-,-,-,-,-,-,-,-,-,-,-,-,-,-,7,8,-,-,-,-,-,-,-,-,-,-,-,-,-,-,-,-,-,-,1,-,2,-,-,-,-,-,-,7,-,-,-,-,-,-,-,-
2008,12,-,-,-,-,-,4,-,-,5,1,2,-,-,-,-,-,-,-,-,-,-,1,10,-,-,-,-,-,-,-,-,-,-,-,-,-,-,-,-,-,-,-,-,9,-,-,-,-,-,1,7,-,-,-,1,-,-,-,-
2008,13,-,-,-,-,-,-,-,-,1,2,-,-,-,-,-,-,-,-,-,-,-,-,1,-,-,-,-,-,-,-,-,-,-,-,-,-,-,-,-,-,-,-,-,13,-,-,-,-,1,1,9,-,-,-,1,-,-,-,-
2008,14,-,-,-,-,-,4,-,-,4,2,1,-,-,-,-,-,-,-,-,-,-,-,1,-,-,-,-,-,-,-,-,-,7,-,-,-,-,-,-,-,-,-,-,16,-,-,-,-,-,-,6,-,-,-,-,-,-,-,-
2008,15,1,-,-,-,-,8,-,-,-,-,-,-,-,-,-,-,-,-,-,-,-,-,7,-,-,-,-,-,-,-,-,-,-,-,-,-,-,-,-,-,-,-,-,17,-,-,-,-,-,2,17,-,-,-,-,-,-,-,-
2008,16,-,-,-,-,-,1,-,-,3,-,-,-,-,-,-,-,-,-,-,-,-,-,5,-,-,44,-,-,-,-,-,-,-,-,-,-,-,-,-,-,-,-,-,25,-,-,-,-,-,-,15,-,3,-,-,-,-,-,-
2008,17,-,-,-,-,-,2,-,-,2,-,1,-,-,-,-,-,-,-,-,-,-,-,-,-,-,-,-,1,-,-,-,-,-,-,-,-,-,-,-,-,-,-,-,-,-,-,-,-,-,-,7,-,-,-,-,-,-,-,-
2008,18,-,-,-,-,-,2,-,-,9,-,-,-,-,-,-,-,-,-,-,-,-,-,-,-,-,6,-,-,-,-,-,-,1,-,-,-,-,-,-,-,-,-,-,16,-,-,-,-,-,-,30,-,-,-,-,-,-,-,-
2008,19,-,-,-,-,-,4,-,-,6,-,1,1,-,-,-,-,-,-,-,-,-,-,2,-,-,1,-,-,-,-,-,2,-,-,-,-,-,-,-,-,-,1,-,24,-,-,-,-,-,-,12,-,-,-,-,-,-,-,-
2008,20,-,-,-,-,-,4,-,-,2,1,-,-,-,-,-,-,-,-,-,-,-,-,14,-,-,-,-,1,-,-,-,-,-,-,-,-,-,-,-,-,-,-,-,30,-,-,1,-,-,-,42,-,-,-,7,-,-,-,-
2008,21,-,-,-,-,-,-,-,-,12,-,1,-,-,-,-,-,-,-,-,-,-,-,-,-,-,3,-,1,-,-,-,2,-,-,-,-,-,-,-,-,-,1,-,25,-,-,-,-,4,-,25,-,1,-,2,-,-,-,-
2008,22,-,-,-,-,-,-,-,-,4,4,-,-,-,-,-,-,-,-,-,-,-,-,1,-,-,7,-,-,-,-,-,1,-,-,-,-,-,-,-,1,-,-,-,22,-,-,-,-,-,1,34,-,-,-,-,-,-,-,-
2008,23,-,1,-,-,-,3,-,-,1,-,1,-,-,-,-,-,-,-,-,-,-,-,1,-,-,3,-,1,-,-,-,-,-,-,-,-,-,1,-,-,-,-,-,26,-,-,-,-,1,-,40,-,2,-,2,-,-,-,-
2008,24,-,-,-,-,-,3,-,-,17,-,2,-,-,-,-,-,-,-,-,-,-,-,24,-,1,-,-,-,-,-,-,-,-,-,-,-,-,-,-,-,-,-,-,54,-,-,-,-,-,1,84,-,-,-,4,-,-,-,-
2008,25,1,-,-,-,-,3,-,-,14,-,2,-,-,-,2,-,-,-,-,-,-,14,8,-,1,31,-,-,-,1,-,5,-,-,-,-,-,-,-,2,-,2,-,48,-,-,-,-,-,-,159,-,4,-,15,-,-,-,-
2008,26,-,-,-,-,-,4,1,-,11,2,1,-,-,-,-,-,-,-,-,-,-,-,20,-,-,-,-,-,-,-,-,-,-,-,-,-,-,-,-,1,-,3,-,57,-,-,-,-,-,-,162,-,4,-,18,-,-,-,-
2008,27,-,-,-,-,-,4,-,-,15,1,2,-,-,-,-,-,-,-,-,-,-,-,6,-,2,-,-,1,-,-,-,1,-,-,-,-,-,-,-,-,-,-,-,43,-,-,-,-,2,-,176,-,2,-,-,-,-,-,-
2008,28,-,2,-,-,-,2,-,-,15,2,4,-,-,-,1,-,-,-,-,-,-,-,22,17,-,61,-,-,-,-,-,4,-,-,-,-,3,-,-,-,-,-,-,104,-,-,1,-,-,-,198,-,4,-,7,-,-,-,-
2008,29,-,-,-,-,-,-,1,-,14,6,3,4,-,-,-,-,-,-,-,-,-,-,28,-,2,51,-,-,-,-,-,2,-,-,-,-,2,-,-,-,-,-,-,97,-,-,-,-,3,-,324,-,3,-,5,-,-,-,-
2008,30,-,-,-,-,1,1,-,-,12,-,4,-,-,-,1,-,-,-,-,-,-,-,30,-,-,-,-,-,-,-,1,3,1,-,-,-,-,-,-,1,-,-,-,198,-,-,-,-,-,2,379,-,11,-,21,4,-,-,-
2008,31,-,-,-,-,-,6,-,-,3,3,1,-,-,-,-,-,-,-,-,-,-,49,15,-,2,40,-,-,-,-,-,3,-,-,-,1,-,-,-,-,-,2,-,83,-,-,-,-,-,-,328,-,10,-,25,-,-,-,-
2008,32,-,-,-,-,-,7,-,-,4,3,5,-,-,-,-,-,-,-,-,-,-,42,20,-,7,79,-,-,1,1,-,4,-,-,-,-,-,-,-,2,-,-,-,72,-,-,-,-,-,1,285,-,13,-,27,-,-,1,-
2008,33,-,2,-,-,-,3,-,-,6,2,9,1,-,-,1,-,-,-,-,-,-,-,19,-,3,44,-,-,1,1,-,-,1,-,-,-,-,-,-,1,-,-,-,81,-,-,2,-,-,1,319,-,-,-,43,1,-,-,-
2008,34,-,-,-,-,1,3,-,-,6,8,2,-,-,-,-,-,-,-,-,-,-,-,8,-,-,52,-,-,-,-,-,-,1,-,-,-,7,-,-,-,-,3,-,57,-,-,1,-,-,2,183,-,1,-,14,-,-,1,-
2008,35,-,-,-,-,-,-,-,-,-,1,4,-,-,-,-,-,2,-,-,-,-,-,12,1,2,-,-,-,-,2,-,-,-,-,-,-,-,-,-,1,-,-,-,53,-,-,-,-,1,-,120,-,4,-,11,2,-,-,-
2008,36,-,-,-,-,-,2,-,-,2,-,6,3,-,-,-,-,1,-,-,-,-,-,9,-,-,1,-,-,-,-,-,-,-,-,-,-,5,-,-,2,-,1,-,44,-,-,-,-,-,-,144,-,-,-,-,-,-,2,-
2008,37,-,-,-,-,-,6,-,-,3,2,4,-,-,-,-,-,1,-,-,-,-,-,22,-,-,101,-,-,-,1,-,-,2,-,-,-,1,-,-,-,-,-,-,49,-,-,-,-,-,1,258,-,-,-,1,-,-,-,-
2008,38,-,-,-,-,-,7,1,-,3,-,5,-,-,-,-,-,2,-,-,-,-,-,13,-,2,29,-,-,-,-,-,-,-,-,-,-,5,-,-,1,-,-,-,63,-,-,-,-,-,-,103,-,5,-,4,1,-,-,-
2008,39,-,-,-,-,-,3,-,-,3,4,7,1,-,-,-,-,-,-,-,-,-,44,38,-,2,-,-,-,-,1,-,-,-,-,-,1,2,-,-,-,-,1,-,49,-,-,2,-,-,-,205,-,3,-,31,1,-,5,-
2008,40,-,-,-,-,-,6,-,-,1,2,2,2,-,-,-,-,-,-,-,-,-,-,6,-,1,77,-,2,-,-,-,-,-,-,-,-,4,-,-,-,-,1,-,40,-,-,-,-,-,-,124,-,-,-,-,-,-,-,-
2008,41,-,-,-,-,-,6,-,-,1,-,6,-,-,-,-,-,2,-,-,1,-,-,-,-,-,67,-,-,-,-,-,-,-,-,-,-,1,-,-,-,-,-,-,35,-,-,-,-,-,-,136,-,-,-,-,-,-,-,-
2008,42,-,-,-,-,-,10,-,-,-,5,10,-,-,-,-,-,-,-,-,-,-,-,-,-,-,-,-,-,-,-,-,-,-,-,-,-,1,-,-,-,-,-,-,34,-,-,-,-,-,-,-,-,-,-,-,-,-,2,-
2008,43,-,-,-,-,-,3,1,-,-,3,1,1,-,-,-,-,1,-,1,-,-,28,95,-,-,153,-,-,-,-,-,-,-,-,-,-,1,-,-,-,-,1,-,35,-,-,-,-,-,2,128,-,3,-,27,1,-,2,-
2008,44,-,-,-,-,-,9,-,-,-,-,3,-,-,-,-,-,-,-,-,-,-,-,-,-,1,41,-,-,-,-,-,-,-,-,-,-,2,-,-,-,-,-,-,50,-,-,-,-,-,-,114,-,-,-,-,-,-,2,-
2008,45,-,-,-,-,-,8,-,-,-,-,6,-,-,-,-,-,-,-,-,-,-,34,16,-,-,7,-,-,-,-,-,-,-,-,-,-,3,-,-,1,-,1,-,32,-,-,-,-,-,3,109,-,3,-,13,-,-,-,-
2008,46,-,-,-,-,-,6,-,-,4,-,4,1,-,-,-,-,-,-,-,-,-,19,8,-,-,27,-,-,-,-,-,-,-,-,-,-,3,-,-,-,-,2,-,41,-,-,-,-,2,-,124,-,-,-,2,-,-,1,-
2008,47,-,-,-,-,-,8,-,-,2,-,1,-,-,-,-,-,-,-,-,-,-,10,21,-,1,81,-,-,-,-,-,-,-,-,-,-,1,-,-,-,-,-,-,29,-,-,-,-,-,1,232,-,5,-,8,-,-,-,-
2008,48,-,-,-,-,-,-,-,-,3,5,3,-,-,-,-,-,-,-,-,-,-,3,11,-,-,1,-,-,-,-,-,-,-,-,-,-,1,-,-,-,-,-,-,31,-,-,-,-,-,-,223,-,3,-,-,1,-,1,-
2008,49,-,-,-,-,-,2,-,-,5,1,2,-,-,-,-,-,-,-,-,-,-,5,7,-,1,48,-,-,-,-,-,-,-,-,-,-,4,-,-,-,-,-,-,36,-,-,-,-,1,-,239,-,-,-,-,-,-,4,-
2008,50,-,-,-,-,-,4,-,-,4,-,6,-,-,-,-,-,1,-,-,-,-,29,6,-,-,69,-,-,-,-,-,-,-,-,-,-,2,-,-,-,-,-,-,38,-,-,-,-,-,-,249,-,-,-,6,-,-,5,-
2008,51,-,-,-,-,-,-,-,-,-,-,1,-,-,-,-,-,-,-,-,-,-,16,11,-,1,27,-,-,-,-,-,-,-,-,-,-,1,-,-,-,-,-,-,28,-,-,-,-,-,-,303,-,3,-,-,-,-,-,-
2008,52,-,-,-,-,-,-,-,-,-,-,2,-,-,-,-,-,-,-,-,-,-,-,4,-,-,-,-,-,-,-,-,-,-,-,-,-,-,-,-,-,-,-,-,26,-,-,-,-,1,-,145,-,-,-,5,-,-,3,-
2008,53,-,-,-,-,-,-,-,-,-,-,-,-,-,-,-,-,-,-,-,-,-,-,-,-,-,-,-,-,-,-,-,-,-,-,-,-,-,-,-,-,-,-,-,-,-,-,-,-,-,-,-,-,-,-,-,-,-,-,-
2009,1,-,-,-,-,-,4,-,-,3,-,3,-,-,-,-,-,-,-,-,-,-,-,29,-,-,-,-,-,-,-,-,-,-,-,-,-,-,-,-,-,-,-,-,13,-,-,-,-,-,-,2,1,1,-,-,-,-,-,-
2009,2,-,-,-,-,-,3,-,-,-,-,3,-,-,-,-,-,-,-,-,-,-,-,2,-,-,-,-,-,-,-,-,-,-,-,-,-,-,-,-,-,-,-,-,-,-,-,2,-,-,-,4,-,1,-,-,-,-,-,-
2009,3,-,-,-,-,-,5,1,-,4,-,2,-,-,-,-,-,-,-,-,-,-,-,6,-,-,-,-,-,-,-,-,-,-,-,-,-,-,-,-,-,-,-,-,5,-,-,-,-,-,-,7,-,-,-,1,-,-,6,-
2009,4,-,-,-,-,-,2,-,-,4,-,3,-,-,-,-,-,-,-,-,-,-,-,11,-,-,-,-,-,-,-,-,-,1,-,-,-,2,-,-,-,-,-,-,11,-,-,-,-,-,-,8,-,-,-,-,-,-,-,-
2009,5,-,-,-,-,-,4,-,-,2,-,2,-,-,-,-,-,-,-,-,-,-,4,33,-,-,-,-,-,-,-,-,1,-,-,-,-,3,-,-,-,-,-,-,3,-,-,-,-,1,-,14,-,2,-,-,-,-,1,-
2009,6,-,-,-,-,-,-,-,-,3,-,-,-,-,-,-,-,-,-,-,-,-,1,8,-,1,-,-,-,-,-,-,-,-,-,-,-,1,-,-,-,-,-,-,9,-,-,-,-,-,-,19,-,-,-,-,-,-,-,-
2009,7,-,-,-,-,-,2,-,-,-,-,1,2,-,-,-,-,-,-,-,-,-,1,-,-,1,4,-,-,-,-,-,1,-,-,-,-,-,-,-,-,-,-,-,7,-,-,-,-,-,-,23,-,-,-,6,-,-,-,-
2009,8,-,-,-,-,-,2,-,-,5,-,1,-,-,-,-,-,-,-,-,-,-,2,4,-,-,-,-,-,-,-,-,1,-,-,-,-,1,-,-,-,-,-,-,10,-,-,1,-,-,-,24,-,-,-,-,-,-,-,-
2009,9,-,-,-,-,-,3,-,-,1,-,-,1,-,-,-,-,-,-,-,-,-,-,-,-,-,-,-,-,-,-,-,-,1,-,-,-,-,-,-,-,-,-,-,11,-,-,-,-,-,-,29,-,1,-,-,-,-,-,-
2009,10,-,1,-,-,-,2,-,-,-,-,2,-,-,-,-,-,-,-,-,-,-,-,-,-,-,-,-,-,-,-,1,1,-,-,-,-,-,-,-,-,-,-,-,10,-,-,-,-,-,-,48,-,-,-,-,-,-,-,-
2009,11,-,-,-,-,-,3,-,-,1,-,2,-,-,-,-,-,-,-,-,-,-,2,6,-,-,-,-,-,-,-,-,-,-,-,-,-,1,-,-,1,-,1,-,8,-,-,-,-,-,-,41,-,-,-,-,-,-,-,-
2009,12,-,-,-,-,-,1,-,-,5,-,2,-,-,-,-,-,-,-,-,-,-,5,21,-,-,5,-,-,-,-,-,-,-,-,-,-,-,-,-,1,-,-,-,8,-,5,-,-,-,1,38,-,-,-,4,-,-,-,-
2009,13,-,-,-,-,-,3,-,-,1,-,-,-,-,-,1,-,-,-,-,-,-,3,7,-,-,7,-,-,1,-,-,-,-,-,-,-,6,-,-,-,-,-,-,4,-,-,-,-,1,-,50,-,-,-,11,-,-,-,-
2009,14,-,-,-,-,-,2,-,-,1,-,1,-,-,-,-,-,-,-,-,-,-,3,1,1,1,10,-,-,-,-,-,-,-,-,-,-,1,-,-,-,-,-,-,26,-,-,-,-,-,-,26,-,-,-,2,-,-,2,-
2009,15,-,-,-,-,-,2,-,-,3,-,-,1,-,-,-,-,-,-,-,-,-,-,1,-,-,2,-,-,-,-,-,-,-,-,-,-,-,-,-,3,-,1,-,33,-,-,-,-,-,1,50,-,-,-,2,-,-,1,-
2009,16,-,-,-,-,-,4,-,-,2,-,3,-,-,-,-,-,-,-,-,-,-,1,5,-,-,-,-,-,-,-,-,-,1,-,-,-,1,-,-,-,-,-,-,40,-,-,-,-,-,-,40,-,2,-,2,-,-,2,-
2009,17,-,-,-,-,-,3,-,-,8,-,-,-,-,-,1,-,-,-,-,-,-,5,2,-,-,-,-,-,-,-,-,-,-,-,-,-,-,-,-,-,-,-,-,39,-,-,-,-,-,-,42,-,-,-,1,-,-,-,-
2009,18,-,-,-,-,-,2,-,-,5,-,-,-,-,-,1,-,-,-,-,-,-,7,7,-,-,-,-,-,-,-,1,-,-,-,-,-,-,-,-,-,-,-,-,44,-,-,-,-,1,-,47,-,3,-,3,-,-,-,-
2009,19,-,-,-,-,-,-,-,-,3,-,2,1,-,-,-,-,-,-,-,-,-,14,-,-,1,-,-,-,-,-,-,2,1,-,-,-,-,-,-,-,-,-,-,45,-,-,-,-,-,2,21,-,5,-,-,-,9,-,-
2009,20,-,-,-,-,-,3,-,-,3,-,-,-,-,-,-,-,-,-,-,-,-,3,8,-,-,-,-,-,-,-,-,1,-,-,-,-,-,-,-,-,-,-,-,46,-,-,1,-,-,-,50,-,1,-,1,2,-,-,-
2009,21,-,-,-,-,-,4,-,-,4,-,2,-,-,-,1,-,-,-,-,-,-,12,7,-,1,-,-,-,-,-,-,-,-,-,-,-,-,-,-,-,-,-,-,12,-,-,-,-,-,1,51,-,-,-,5,1,-,-,-
2009,22,-,-,-,-,-,1,-,-,12,-,-,-,-,-,-,-,-,-,-,-,-,-,3,-,-,-,-,-,-,-,-,-,3,-,-,-,1,-,-,-,-,-,-,41,-,-,-,-,-,-,37,-,5,-,5,-,-,-,-
2009,23,-,-,-,-,-,-,-,-,-,-,2,1,-,-,1,-,-,-,-,-,-,2,-,-,-,-,-,-,-,-,-,-,3,-,-,-,-,-,-,-,-,-,-,47,-,-,-,-,-,1,84,-,-,-,4,-,-,-,-
2009,24,-,-,-,-,-,-,-,-,3,-,-,1,-,-,-,-,-,-,-,-,-,9,-,-,-,-,-,-,-,-,-,2,16,-,-,-,6,-,-,-,-,-,-,88,-,-,-,-,-,-,87,-,7,-,3,1,-,-,-
2009,25,-,-,-,-,-,3,-,-,14,-,1,-,-,-,-,-,-,-,-,-,-,36,22,-,1,-,-,-,-,-,-,-,-,-,-,-,7,-,-,-,-,-,-,-,-,-,-,-,1,-,142,-,4,-,1,-,-,-,-
2009,26,-,-,-,-,-,1,-,-,8,-,4,2,-,-,-,-,-,-,-,-,-,34,27,-,-,-,-,-,-,-,1,-,-,-,-,-,4,-,-,-,-,-,-,148,-,-,1,-,-,-,185,-,11,-,3,-,-,2,-
2009,27,-,-,-,-,-,4,-,-,14,-,2,-,-,-,-,-,-,-,-,-,-,4,36,-,-,-,-,-,-,3,-,-,-,-,-,-,1,-,-,1,-,-,-,229,-,-,-,-,-,-,144,-,-,-,-,-,-,1,-
2009,28,-,-,-,-,-,6,-,-,19,-,2,1,-,-,-,-,-,-,-,-,-,56,47,-,2,-,-,2,-,2,-,-,-,-,-,-,2,-,-,1,-,-,-,219,-,-,-,-,-,-,183,-,-,-,6,-,-,1,-
2009,29,-,-,-,-,-,7,-,-,19,-,1,-,-,-,1,-,-,-,-,-,-,44,36,-,2,-,-,-,-,-,-,-,1,-,-,-,-,-,-,2,-,-,-,226,-,-,-,-,-,-,208,-,25,-,4,-,-,6,-
2009,30,-,-,-,-,-,-,-,-,18,-,1,3,-,-,1,-,-,-,-,-,-,33,66,-,1,14,-,-,-,-,-,-,4,-,-,-,-,-,-,2,-,-,-,152,-,-,-,-,-,-,272,-,9,-,-,-,-,2,-
2009,31,-,-,-,-,-,10,1,-,9,-,3,5,-,-,-,-,-,-,-,-,-,62,39,5,1,-,-,-,-,-,-,-,1,-,-,-,14,-,-,1,-,-,-,141,-,-,-,-,-,-,227,-,5,-,10,-,-,4,-
2009,32,-,-,-,-,-,6,-,-,10,-,10,-,-,-,-,-,-,-,-,-,-,58,20,-,-,2,-,-,-,-,-,-,-,-,-,-,-,-,-,3,-,-,-,155,-,-,-,-,1,-,199,-,-,-,5,1,-,2,-
2009,33,-,-,-,-,-,5,-,-,12,-,3,-,-,-,-,-,2,-,-,-,-,-,25,-,-,25,-,-,-,-,-,-,2,-,-,-,4,-,-,1,-,-,-,125,-,-,1,-,1,-,149,-,-,-,3,1,-,-,-
2009,34,-,-,-,-,-,4,-,-,11,-,5,1,-,-,-,-,-,-,-,-,-,-,-,-,3,1,-,-,-,3,-,-,-,-,-,-,-,-,-,-,-,-,-,117,-,-,-,-,-,-,137,-,6,-,14,-,-,6,-
2009,35,-,-,-,-,-,5,-,-,5,-,4,-,-,-,-,-,-,-,-,-,-,10,27,-,5,-,-,-,-,1,-,-,-,-,-,-,-,-,-,2,-,-,-,117,-,-,-,-,-,5,229,-,-,-,-,-,-,-,-
2009,36,-,-,-,-,-,2,1,-,2,-,8,-,-,-,-,-,-,-,-,-,-,-,18,2,-,-,-,-,-,1,-,-,-,-,-,-,-,-,-,1,-,-,-,38,-,-,-,-,1,-,77,-,-,-,4,2,27,3,-
2009,37,-,-,-,-,-,7,-,-,3,-,8,-,-,-,-,-,-,-,-,-,-,-,-,-,-,-,-,-,-,-,-,-,-,-,-,-,-,-,-,2,-,-,-,100,-,-,-,-,1,-,105,-,1,-,19,1,-,-,-
2009,38,-,-,-,-,-,11,-,-,2,-,3,3,-,-,-,-,-,-,-,-,-,23,-,1,2,-,-,-,-,-,-,-,-,-,-,-,-,-,-,-,-,-,-,111,-,-,-,-,-,-,99,-,2,-,11,3,-,1,-
2009,39,-,-,-,-,-,5,-,-,7,-,6,1,-,-,-,-,-,-,-,-,-,39,14,-,-,-,-,-,-,-,-,-,-,-,-,-,-,-,-,2,-,-,-,95,-,1,-,-,-,2,172,-,-,-,9,-,-,4,-
2009,40,-,-,-,-,-,3,-,-,3,-,6,-,-,-,-,-,-,-,-,-,-,32,-,-,1,-,-,-,-,-,-,-,-,-,-,-,-,-,-,-,-,-,-,81,-,-,-,-,-,-,106,-,1,-,20,-,-,-,-
2009,41,-,-,-,-,-,1,-,-,5,-,7,-,-,-,1,-,-,-,-,-,-,21,5,1,-,5,-,-,-,-,-,-,-,-,-,-,-,-,-,-,-,-,-,79,-,-,-,-,-,-,49,-,-,-,7,-,-,-,-
2009,42,-,-,-,-,-,-,-,-,-,-,3,-,-,-,-,-,-,-,-,-,-,36,13,-,-,3,-,-,-,-,-,-,-,-,-,-,-,-,-,1,-,-,-,77,-,-,-,-,-,-,75,-,2,-,7,-,1,-,-
2009,43,-,-,-,-,-,5,-,-,4,-,13,1,-,-,-,-,-,-,-,-,-,12,-,-,-,15,-,-,-,-,-,-,-,-,-,-,-,-,-,1,-,-,-,86,-,-,-,-,-,-,70,-,1,-,22,-,-,-,-
2009,44,-,-,-,-,-,6,-,-,2,-,7,-,-,-,-,-,-,-,-,-,-,-,6,-,-,-,-,-,-,1,-,-,-,-,-,-,2,-,-,-,-,-,-,87,-,-,2,-,1,-,51,-,-,-,3,-,-,1,-
2009,45,-,-,-,-,-,2,-,-,1,-,3,1,-,-,1,-,-,-,-,-,-,17,25,-,1,4,-,-,-,1,-,-,-,-,-,-,-,-,-,-,-,-,-,81,-,-,-,-,-,-,87,-,1,-,2,3,-,-,-
2009,46,-,-,-,-,-,-,-,-,-,-,9,-,-,-,-,-,-,-,-,-,-,28,16,-,-,6,-,-,-,1,-,-,-,-,-,-,-,-,-,-,-,-,-,81,-,-,-,-,-,-,46,-,1,-,2,1,-,-,-
2009,47,-,-,-,-,-,1,-,-,3,-,5,-,-,-,-,-,-,-,-,-,-,-,6,1,-,21,-,-,-,-,-,-,-,-,-,-,-,-,-,-,-,-,-,72,-,-,-,-,1,-,38,-,2,-,2,1,-,-,-
2009,48,-,-,-,-,-,-,-,-,3,-,3,-,-,-,-,-,-,-,-,-,-,2,21,-,-,12,-,-,-,-,-,-,-,-,-,-,1,-,-,-,-,-,-,87,-,-,-,-,-,-,114,-,2,-,8,-,-,12,-
2009,49,-,-,-,-,-,5,-,-,2,-,2,-,-,-,-,-,-,-,-,-,-,19,5,-,-,7,-,-,-,-,-,-,-,-,-,-,3,-,-,1,-,-,-,86,-,-,-,-,-,2,37,-,1,-,17,-,2,2,-
2009,50,-,-,-,-,-,6,-,-,2,-,-,-,-,-,-,-,-,-,-,-,-,5,4,-,-,24,-,-,-,-,-,-,-,-,-,-,1,-,-,-,-,-,-,78,-,-,-,-,1,2,54,-,-,-,12,-,-,-,-
2009,51,-,-,-,-,-,2,-,-,-,-,5,-,-,-,-,-,-,-,-,-,-,13,3,-,-,5,-,-,-,-,-,-,-,-,-,-,-,-,-,-,-,-,-,74,-,-,-,-,-,-,69,-,2,-,1,-,-,-,-
2009,52,-,-,-,-,-,7,-,-,1,-,10,-,-,-,-,-,-,-,-,-,-,5,3,-,-,-,-,-,-,-,-,-,-,-,-,-,-,-,-,-,-,-,-,77,-,-,-,-,-,-,48,-,-,-,6,-,-,-,-
2010,1,-,-,-,-,-,-,-,-,4,-,3,-,-,-,-,-,-,-,-,-,-,-,5,-,-,-,-,-,-,-,-,-,-,-,-,-,-,-,-,-,-,-,-,8,-,-,-,-,-,-,-,-,-,-,6,-,-,-,-
2010,2,-,-,-,-,-,-,-,-,-,-,-,-,-,-,-,-,-,-,-,-,-,1,3,-,-,-,-,-,-,-,-,-,-,-,-,-,-,-,-,-,-,-,-,11,-,-,-,-,2,-,3,-,2,-,4,-,-,-,-
2010,3,-,-,-,-,-,2,-,-,2,-,3,-,-,-,-,-,-,-,-,-,-,-,3,-,-,-,-,-,-,-,-,-,-,-,-,-,-,-,-,-,-,-,-,16,-,-,-,-,-,-,11,-,-,-,2,-,-,-,-
2010,4,-,-,-,-,-,3,-,-,7,-,1,-,-,-,-,-,-,-,-,1,-,1,36,-,-,-,-,-,-,-,-,-,-,-,-,-,-,-,-,-,-,1,-,10,-,-,-,-,-,-,22,-,-,-,1,-,-,-,-
2010,5,-,-,-,-,-,-,-,-,6,-,1,-,-,-,-,-,-,-,-,-,-,4,18,-,-,-,-,-,-,-,-,-,-,-,-,-,-,-,-,-,-,1,-,13,-,-,-,-,-,-,12,-,-,-,-,-,1,2,-
2010,6,-,-,-,-,-,8,-,-,2,-,2,-,-,-,-,-,1,-,-,-,-,6,-,-,-,-,-,-,-,-,-,-,-,-,-,-,-,-,-,-,-,-,-,4,-,-,-,-,-,-,17,-,-,-,-,-,-,2,-
2010,7,-,-,-,-,-,5,-,-,-,-,2,-,-,-,-,-,-,-,-,-,-,2,5,-,-,-,-,-,-,1,-,-,-,-,-,-,-,-,-,-,-,1,-,6,-,-,-,-,-,-,20,-,-,-,2,-,-,-,-
2010,8,-,-,-,-,-,1,-,-,-,-,-,-,-,-,-,-,-,-,-,-,-,6,7,-,-,-,-,-,-,-,-,-,-,-,-,-,-,-,-,1,-,-,-,9,-,-,-,-,-,-,26,-,-,-,1,-,-,-,-
2010,9,-,-,-,-,-,4,-,-,6,-,2,-,-,-,-,-,-,-,-,-,-,4,7,-,-,-,-,-,-,-,-,-,-,-,-,-,4,-,-,-,-,-,-,12,-,-,-,-,-,-,12,-,-,-,3,-,-,-,-
2010,10,-,-,-,-,-,1,-,-,3,-,-,-,-,-,-,-,-,-,-,-,-,-,2,-,-,-,-,-,-,-,-,-,-,-,-,-,4,-,-,1,-,-,-,11,-,-,-,-,-,-,16,-,1,-,7,-,-,-,-
2010,11,-,-,-,-,-,5,-,-,2,-,-,-,-,-,-,-,-,-,-,-,-,15,7,-,-,-,-,-,-,-,-,-,-,-,-,-,1,-,-,-,-,-,-,3,-,-,-,-,-,-,14,-,-,-,16,-,-,-,-
2010,12,-,-,-,-,-,1,-,-,1,-,3,-,-,-,-,-,-,-,-,-,-,8,5,-,-,-,-,1,-,-,-,-,-,-,-,-,-,-,-,-,-,-,-,8,-,-,-,-,-,1,33,-,3,-,8,-,6,-,-
2010,13,-,-,-,-,-,1,-,-,-,-,2,-,-,-,-,-,-,-,-,-,-,5,4,-,-,4,-,-,-,-,-,-,-,-,-,-,-,-,-,-,-,-,-,8,-,-,-,-,-,1,33,-,-,-,2,-,-,-,-
2010,14,-,-,-,-,-,3,-,-,5,-,3,-,-,-,-,-,-,-,-,-,-,4,4,-,-,2,-,-,-,1,-,-,1,-,-,-,-,-,-,-,-,-,-,14,-,-,1,-,-,-,31,-,-,-,7,-,-,-,-
2010,15,-,-,-,-,-,5,-,-,4,-,1,-,-,-,-,-,-,-,-,-,-,4,12,-,-,-,-,-,-,-,-,-,-,-,-,-,-,-,-,-,-,2,-,20,-,-,-,-,-,-,32,-,-,-,8,-,-,-,-
2010,16,-,-,-,-,-,2,-,-,3,-,-,-,-,-,-,-,-,-,-,-,-,17,10,-,-,-,-,-,-,-,-,-,-,-,-,-,-,-,-,-,-,-,-,21,-,-,1,-,-,-,29,-,-,-,7,-,-,-,-
2010,17,-,-,-,-,-,6,-,-,2,-,2,-,-,-,-,-,-,-,-,-,-,4,7,-,-,-,-,-,-,-,-,1,-,-,-,-,-,-,-,-,-,1,-,12,-,-,-,-,-,1,24,-,1,-,5,-,-,-,-
2010,18,-,-,-,-,-,1,-,-,4,-,1,-,-,-,-,-,-,-,-,-,-,21,9,-,-,-,-,-,-,1,-,-,1,-,-,-,-,-,-,-,-,1,-,10,-,2,-,-,1,-,28,-,-,-,6,1,3,-,-
2010,19,-,-,-,-,-,5,-,-,2,-,3,-,-,-,-,-,-,-,1,-,-,11,15,-,-,-,-,-,-,1,-,-,3,-,-,-,-,-,-,-,-,-,-,15,-,-,-,-,-,2,38,-,3,-,7,1,-,-,-
2010,20,-,-,-,-,-,2,-,2,2,-,1,-,-,-,-,-,-,-,-,-,-,29,19,-,-,-,-,-,-,-,-,-,-,-,-,-,-,-,-,-,-,-,-,21,-,-,-,-,-,-,55,-,1,-,6,-,-,-,-
2010,21,-,-,-,-,-,2,-,-,2,-,1,-,-,-,-,-,-,-,-,-,-,4,25,-,-,-,-,-,-,-,-,-,-,-,-,-,-,-,-,-,-,-,-,21,-,-,-,-,-,1,63,-,2,-,4,-,-,-,-
2010,22,-,-,-,-,-,6,-,-,-,-,-,-,-,-,-,-,-,-,-,-,-,14,17,-,-,-,-,-,-,-,-,5,-,-,-,1,-,-,-,-,-,-,-,25,-,1,-,-,1,2,24,-,6,-,8,-,-,-,-
2010,23,-,-,-,1,-,3,-,-,9,-,-,-,-,-,-,-,-,-,-,-,-,8,10,-,1,-,-,-,-,-,-,1,-,-,-,-,-,-,-,-,-,-,-,70,-,-,1,-,1,-,116,-,-,-,34,-,-,1,-
2010,24,-,-,-,-,-,4,-,-,-,-,2,-,-,-,-,-,-,-,-,-,-,-,28,-,-,-,-,-,-,-,-,1,-,-,-,-,-,-,-,1,-,-,-,28,-,-,1,-,1,3,79,-,9,-,32,2,-,2,-
2010,25,-,-,-,-,-,5,-,-,10,-,1,-,-,-,-,-,-,-,-,-,-,13,50,-,3,-,-,-,-,-,-,1,5,-,-,-,-,-,-,-,-,1,-,66,-,-,1,-,1,-,76,-,6,-,15,1,-,4,-
2010,26,-,-,-,-,-,-,-,-,11,-,6,-,-,-,-,-,-,-,-,-,-,24,40,-,-,-,-,-,-,-,-,1,5,-,-,-,-,-,-,1,-,-,-,121,-,-,-,-,1,-,129,-,15,-,18,-,-,2,-
2010,27,-,-,-,-,-,1,-,-,4,-,-,-,-,-,-,-,-,-,-,-,-,19,17,-,-,-,-,-,-,1,-,4,1,-,-,-,-,2,-,-,-,-,-,75,-,1,-,-,-,-,72,-,6,-,-,-,-,-,-
2010,28,-,-,-,-,-,4,-,-,10,-,7,-,-,-,1,-,-,-,-,-,-,12,44,1,2,-,-,-,-,2,-,6,-,-,-,-,-,-,-,2,-,-,-,105,-,-,-,-,-,-,204,-,14,-,40,1,-,-,-
2010,29,-,-,-,-,-,4,-,4,4,-,-,1,-,-,-,-,-,-,-,-,-,48,27,-,3,-,-,-,-,-,-,-,-,-,-,-,-,-,-,-,-,-,-,103,-,-,-,-,-,-,188,-,8,-,13,-,3,1,-
2010,30,-,-,-,-,-,2,-,-,-,-,2,-,-,-,-,-,-,-,-,-,-,1,18,-,1,-,-,-,-,2,-,3,-,-,-,-,-,1,-,2,-,1,-,68,-,-,-,-,-,-,142,-,11,-,42,1,29,-,-
2010,31,-,-,-,-,-,4,-,-,5,-,6,-,-,-,1,-,-,-,-,-,-,21,19,-,-,-,-,-,-,-,-,-,-,-,-,-,-,-,-,-,-,-,-,68,-,6,-,-,-,-,137,-,10,-,31,-,-,-,-
2010,32,-,-,-,-,-,8,-,-,4,-,2,-,-,-,-,-,-,-,-,-,-,-,18,1,-,-,-,-,-,1,-,-,1,-,-,-,6,-,-,-,-,-,-,66,-,-,-,-,-,1,101,-,7,-,29,1,8,1,-
2010,33,-,-,-,-,-,2,-,-,3,-,3,-,-,-,-,-,-,-,-,-,-,49,41,2,-,-,-,-,-,-,-,1,-,-,-,-,2,4,-,1,-,-,-,53,-,-,-,-,-,1,100,-,5,-,35,-,10,-,-
2010,34,-,-,-,-,-,7,1,2,7,-,3,-,-,-,-,-,-,-,-,-,-,60,7,-,-,-,-,-,-,-,-,-,1,-,-,-,-,-,-,-,-,-,-,40,-,-,2,-,-,-,95,-,-,-,18,1,-,1,-
2010,35,-,-,-,-,-,5,-,-,2,-,2,-,-,-,-,-,-,-,-,-,-,7,5,-,-,-,-,-,-,-,-,1,-,-,-,-,-,-,-,3,-,1,-,58,-,-,-,-,-,1,74,-,-,-,37,-,-,-,-
2010,36,-,-,-,-,-,2,-,4,-,-,6,-,-,-,-,-,-,-,-,-,-,58,8,-,1,-,-,-,-,-,-,1,-,-,-,-,-,-,-,-,-,1,-,43,-,-,-,-,-,2,72,-,-,-,22,-,-,-,-
2010,37,-,-,-,-,-,5,-,-,-,-,11,-,-,-,-,-,-,-,-,-,-,28,12,1,1,-,-,-,-,-,-,-,-,-,-,-,-,4,-,-,-,-,-,35,-,-,-,-,-,3,90,-,1,-,74,-,-,-,-
2010,38,-,-,-,-,-,9,-,1,4,-,1,-,-,-,-,-,-,-,-,-,-,36,24,-,-,-,-,-,-,-,-,-,1,-,-,-,1,1,-,1,-,-,-,33,-,-,-,-,-,-,55,-,-,-,24,-,-,-,-
2010,39,-,-,-,-,-,5,-,-,4,-,6,-,-,-,-,-,-,-,-,-,-,18,47,-,-,-,-,-,-,-,-,2,-,-,-,-,-,-,-,-,-,-,-,25,-,-,-,-,-,1,85,-,-,-,4,2,-,-,-
2010,40,-,-,-,-,-,4,-,-,2,-,3,-,-,-,-,-,-,-,-,-,-,11,56,-,-,-,-,-,-,-,-,-,-,-,-,-,1,-,-,-,-,-,-,29,-,-,-,-,-,-,50,-,-,-,20,-,10,-,-
2010,41,-,-,-,-,-,3,-,5,2,-,1,-,-,-,-,-,-,-,-,-,-,20,95,-,2,-,-,-,-,-,-,-,-,-,-,-,2,3,-,-,-,-,-,24,-,1,-,-,-,1,66,-,1,-,17,-,6,-,-
2010,42,-,-,-,-,-,3,-,-,-,-,1,-,-,-,-,-,-,-,-,-,-,12,18,-,-,-,-,-,-,-,-,1,-,-,-,-,1,-,-,1,-,-,-,24,-,-,-,-,-,2,61,-,3,-,18,4,-,1,-
2010,43,-,-,-,-,-,3,-,-,-,1,3,-,-,-,-,-,-,-,-,-,-,17,11,-,-,-,-,-,-,-,-,-,1,-,-,-,-,2,-,-,-,-,-,31,-,-,-,-,-,3,32,-,-,-,7,-,-,-,-
2010,44,-,-,-,-,-,6,-,-,1,-,3,-,-,-,-,-,-,-,-,-,-,15,9,-,-,-,-,-,-,-,-,2,-,-,-,-,-,-,-,-,-,1,-,23,-,-,-,-,-,1,51,-,1,-,11,1,1,1,-
2010,45,-,-,-,-,-,1,-,-,2,-,-,-,-,-,-,-,-,-,-,-,-,-,10,-,-,-,-,-,-,-,-,-,-,-,-,-,2,-,-,1,-,-,-,10,-,-,1,-,-,1,40,-,1,-,14,-,1,2,-
2010,46,-,-,-,-,-,3,-,-,-,-,2,-,-,-,-,-,-,-,-,-,-,8,7,1,-,-,-,-,-,-,-,-,-,-,-,-,-,-,-,-,-,-,-,24,-,-,-,-,-,1,33,-,-,-,26,-,-,1,-
2010,47,-,-,-,-,-,-,-,-,1,-,2,-,-,-,-,-,-,-,-,-,-,-,17,-,-,-,-,-,-,-,-,1,-,-,-,-,-,-,-,-,-,-,-,9,-,-,-,-,-,-,31,-,-,-,6,-,-,-,-
2010,48,-,-,-,-,-,3,-,-,2,-,3,-,-,-,-,-,-,-,-,-,-,25,9,-,-,-,-,-,-,-,-,1,-,-,-,-,-,-,-,7,-,-,-,21,-,-,-,-,-,-,38,-,2,-,19,-,-,-,-
2010,49,-,-,-,-,-,1,-,-,1,-,5,-,-,-,-,-,-,-,-,-,-,14,-,2,-,-,-,-,-,-,-,-,-,-,-,-,4,5,-,-,-,-,-,15,-,-,-,-,-,1,24,-,1,-,13,1,-,1,-
2010,50,-,-,-,-,-,3,-,-,6,-,2,-,-,-,-,-,-,-,-,-,-,14,7,-,-,-,-,-,-,-,-,-,-,-,-,-,-,-,-,2,-,-,-,18,-,-,-,-,-,-,36,-,-,-,14,-,-,-,-
2010,51,-,-,-,-,-,1,-,-,-,-,3,-,-,-,-,-,-,-,-,-,-,13,1,-,-,-,-,-,-,-,-,1,-,-,-,-,1,-,-,2,-,-,-,15,-,-,-,-,-,5,35,-,-,-,15,-,11,-,-
2010,52,-,-,-,-,-,5,-,-,-,-,4,-,-,-,-,-,-,-,-,-,-,10,2,-,-,-,-,-,-,-,-,-,-,-,-,-,-,-,-,1,-,-,-,4,-,-,-,-,-,3,23,-,-,-,9,-,-,-,-
2011,1,-,-,-,-,-,3,-,-,3,-,1,-,-,-,-,-,-,-,-,-,-,-,6,-,-,-,-,-,-,-,-,-,-,-,-,-,-,-,-,-,-,-,-,15,-,-,-,-,-,-,1,-,-,-,6,-,-,-,-
2011,2,-,-,-,-,-,1,-,-,-,-,-,-,-,-,-,-,-,-,-,-,-,-,3,-,-,-,-,-,-,-,-,-,-,-,-,-,-,-,-,-,-,-,-,18,-,-,-,-,-,-,1,-,-,-,5,-,-,-,-
2011,3,-,-,-,-,-,-,-,-,1,-,-,-,-,-,-,-,-,-,-,-,-,-,-,-,-,-,-,-,-,-,-,-,-,-,-,-,-,-,-,-,-,-,-,10,-,-,-,-,-,-,6,-,-,-,8,-,-,-,-
2011,4,-,-,-,-,-,-,-,-,1,-,3,-,-,-,-,-,-,-,-,-,-,-,6,-,-,-,-,-,-,-,-,-,-,-,-,-,3,-,-,-,-,-,-,17,-,-,-,-,-,-,11,-,-,-,1,-,-,-,-
2011,5,-,-,-,-,-,4,-,-,2,-,-,-,-,-,-,-,-,-,-,-,-,-,4,-,-,-,-,-,-,-,-,-,-,-,-,-,-,-,-,-,-,-,-,10,-,-,-,-,-,-,7,-,-,-,6,-,-,-,-
2011,6,-,-,-,-,-,5,-,-,-,-,1,-,-,-,-,-,-,-,-,-,-,-,4,-,-,-,-,-,-,-,-,-,-,-,-,-,-,-,-,-,-,-,-,8,-,-,-,-,-,-,14,-,-,-,4,-,-,-,-
2011,7,-,-,-,-,-,1,-,-,-,-,3,-,-,-,-,-,-,-,-,-,-,-,6,-,-,-,-,-,-,-,-,-,-,-,-,-,-,-,-,-,-,-,-,11,-,-,-,-,-,-,18,-,-,-,2,-,-,-,-
2011,8,-,-,-,-,-,1,-,-,1,-,1,-,-,-,-,-,-,-,-,-,-,-,1,-,-,-,-,-,-,-,-,-,-,-,-,-,-,-,-,-,-,-,-,11,-,-,-,-,1,-,10,-,-,-,7,-,-,-,-
2011,9,-,-,-,-,-,3,-,-,2,-,5,-,-,-,-,-,-,-,-,-,-,-,4,-,-,-,-,-,-,-,-,-,-,-,-,-,-,-,-,-,-,-,-,4,-,-,-,-,-,1,6,-,-,-,9,-,-,-,-
2011,10,-,-,-,-,-,1,-,-,3,-,5,-,-,-,-,-,-,-,-,-,-,-,8,-,-,-,-,-,-,-,-,-,-,-,-,-,-,-,-,-,-,-,-,8,-,-,-,-,-,-,13,-,-,-,11,-,-,-,-
2011,11,-,-,-,-,-,-,-,-,4,-,-,-,-,-,-,-,-,-,-,-,-,-,3,-,-,-,-,-,-,-,-,1,-,-,-,-,-,-,-,-,-,-,-,17,-,-,-,-,-,1,8,-,-,-,3,-,-,-,-
2011,12,-,-,-,-,-,-,-,-,3,-,2,-,-,-,-,-,-,-,-,-,-,-,34,-,-,-,-,-,-,-,-,-,-,-,-,-,-,-,-,-,-,-,-,8,-,-,-,-,1,-,24,-,-,-,7,-,-,-,-
2011,13,-,-,-,-,-,2,-,-,3,-,2,-,-,-,-,-,-,-,-,-,-,-,9,-,-,-,-,-,-,-,-,-,-,-,-,-,3,-,-,-,-,-,-,11,-,-,-,-,-,-,13,-,-,-,2,-,-,-,-
2011,14,-,-,-,-,-,1,-,-,3,-,3,-,-,-,-,-,-,-,-,-,-,2,3,-,-,-,-,-,-,-,-,-,-,-,-,-,-,-,-,1,-,1,-,12,-,-,-,-,-,1,15,-,-,-,7,-,-,-,-
2011,15,-,-,-,-,-,-,-,-,3,-,4,-,-,-,-,-,-,-,-,-,-,-,10,-,-,-,-,-,-,-,-,-,-,-,-,-,1,-,-,-,-,-,-,17,-,-,-,-,-,-,28,-,-,-,9,-,-,-,-
2011,16,-,-,-,-,-,2,-,-,2,1,3,-,-,-,-,-,-,-,-,-,-,2,4,-,-,-,-,-,-,1,-,-,-,-,-,-,-,-,-,-,-,1,-,11,-,-,-,-,-,-,12,-,-,-,9,-,-,-,-
2011,17,-,-,-,-,-,2,-,-,1,-,1,-,-,-,-,-,-,-,-,-,-,-,4,-,-,-,-,-,-,-,-,-,-,-,-,-,3,-,-,-,-,-,-,16,-,-,-,-,-,1,20,-,-,-,4,-,-,-,-
2011,18,-,-,-,-,-,1,-,-,1,-,1,-,-,-,-,-,-,-,-,-,-,1,5,-,-,-,-,-,-,-,-,-,-,-,-,-,-,-,-,-,-,-,-,12,-,-,-,-,-,-,19,-,-,-,-,-,-,-,-
2011,19,-,-,-,-,-,-,-,-,7,-,-,-,-,-,-,-,-,-,-,-,-,3,8,-,-,-,-,-,-,-,-,-,-,-,-,-,-,-,-,-,-,-,-,78,-,-,-,-,-,-,23,-,-,-,5,-,-,1,-
2011,20,-,-,-,-,-,4,-,-,5,-,-,-,-,-,-,-,-,-,-,-,-,-,10,-,1,-,-,-,-,-,-,-,-,-,-,-,-,-,-,-,-,-,-,88,-,-,-,-,-,-,27,-,-,-,17,-,-,2,-
2011,21,-,-,-,-,-,-,-,-,5,-,2,-,-,-,-,-,-,-,-,-,-,1,10,-,1,-,-,-,-,-,-,-,3,-,-,-,-,-,-,-,-,-,-,100,-,-,-,-,-,-,42,-,-,-,12,-,-,1,-
2011,22,-,-,-,-,-,2,-,-,-,-,2,-,-,-,-,-,-,-,-,-,-,-,3,-,-,-,-,-,-,-,-,-,3,-,-,-,-,-,-,-,-,-,-,91,-,-,-,-,-,-,34,-,4,-,6,-,1,1,-
2011,23,-,-,-,-,-,1,-,2,7,-,4,-,-,-,-,-,-,-,-,-,-,2,12,-,1,-,-,-,-,-,-,2,1,-,-,-,-,-,-,-,-,-,-,118,-,-,-,-,1,1,56,-,5,-,16,-,-,4,-
2011,24,-,-,-,-,-,2,-,-,7,-,6,-,-,-,-,-,-,-,-,-,-,3,13,-,-,-,-,-,-,-,-,-,-,-,-,-,-,-,-,-,-,-,-,123,-,-,-,-,-,-,114,-,2,-,11,-,2,-,-
2011,25,-,-,-,-,-,2,-,5,-,-,2,-,-,-,-,-,-,-,-,-,-,-,18,-,1,-,-,-,-,1,-,2,5,-,-,-,-,-,-,-,-,-,-,177,-,-,-,-,-,-,122,-,1,-,25,-,-,-,-
2011,26,-,-,-,-,-,-,-,-,2,-,5,-,-,-,-,-,-,-,-,-,-,1,20,-,-,-,-,-,-,-,-,-,234,-,-,-,5,-,-,-,-,-,-,175,-,-,-,-,1,-,127,-,4,-,12,-,-,-,-
2011,27,1,-,-,-,-,2,-,5,9,-,3,-,-,-,-,-,-,-,-,-,-,1,16,-,1,-,-,-,-,2,-,-,28,-,-,-,-,-,-,-,-,-,-,207,-,-,-,-,1,-,170,-,-,-,20,-,3,-,-
2011,28,-,-,-,-,-,-,-,-,6,-,7,-,-,-,-,-,-,-,-,-,-,-,19,-,-,-,-,-,1,-,-,-,148,-,-,-,-,-,-,1,-,-,-,226,-,27,-,-,-,-,202,-,16,-,44,-,-,-,-
2011,29,-,-,-,-,-,1,-,-,11,-,2,1,-,-,-,-,-,-,-,-,-,-,22,-,-,-,-,-,-,2,-,-,214,-,-,-,1,-,-,3,-,-,-,215,-,9,-,-,-,1,217,-,14,-,42,-,12,-,-
2011,30,-,-,-,-,-,1,-,-,2,1,5,1,-,-,-,-,-,-,-,-,-,-,16,1,1,-,-,-,-,-,-,-,126,-,-,-,-,-,-,1,-,-,-,169,-,-,-,-,1,-,178,-,18,-,3,4,-,-,-
2011,31,-,-,-,-,-,3,-,-,-,-,6,2,-,-,1,-,-,-,-,-,-,-,18,-,-,-,-,-,-,-,1,-,57,-,-,-,1,-,-,3,-,-,-,148,-,-,-,-,2,-,197,-,4,-,14,-,4,-,-
2011,32,-,-,-,-,-,2,-,-,5,-,11,-,-,-,-,-,-,-,-,-,-,1,24,-,-,-,-,-,-,-,1,-,111,-,-,-,-,-,-,1,-,-,-,164,-,-,1,-,-,1,139,-,7,-,20,2,-,-,1
2011,33,-,-,-,-,-,2,-,-,3,-,4,2,-,-,-,-,-,-,-,-,-,3,14,-,2,-,-,-,1,-,-,2,119,-,-,-,-,-,-,-,-,-,-,148,-,6,-,-,2,-,215,-,1,-,25,-,-,-,-
2011,34,-,-,-,-,-,3,-,-,4,-,7,-,-,-,-,-,-,-,-,-,-,-,23,-,1,-,-,-,-,1,-,1,90,-,-,-,8,-,-,-,-,-,-,117,-,8,-,-,1,-,142,-,6,-,12,-,1,-,-
2011,35,-,-,-,-,-,-,-,-,2,-,5,-,-,-,-,-,-,-,-,-,-,-,10,-,-,-,-,-,-,-,-,-,-,-,-,-,3,4,-,2,-,-,-,118,-,1,-,-,-,-,111,-,2,-,1,-,-,-,-
2011,36,-,-,-,1,-,1,-,-,1,-,1,-,-,-,-,-,-,-,-,-,-,-,5,-,1,-,-,-,2,-,-,-,52,-,-,-,2,-,-,1,-,-,-,88,-,-,1,-,1,1,115,-,-,-,7,-,-,-,-
2011,37,-,-,-,-,-,-,-,-,2,-,4,-,-,-,-,-,-,-,-,-,-,1,102,-,-,-,-,-,-,1,-,-,-,-,-,-,-,-,-,-,-,-,-,105,-,-,-,-,-,-,143,-,7,-,7,-,-,-,-
2011,38,-,-,-,-,-,4,-,-,8,-,6,-,-,-,-,-,-,-,-,-,-,-,12,-,2,-,-,-,-,-,-,-,84,-,-,-,-,-,-,-,-,-,-,101,-,-,1,-,-,-,138,-,1,-,9,-,6,-,-
2011,39,-,-,-,-,-,4,-,-,5,-,1,-,-,-,-,-,-,-,-,-,-,-,7,-,1,-,-,-,-,-,-,-,107,-,-,-,-,-,-,-,-,-,-,106,-,-,-,-,-,-,72,-,2,-,6,-,13,-,-
2011,40,-,-,-,-,-,1,-,-,-,-,2,4,-,-,-,-,-,-,-,-,-,-,7,1,-,-,-,-,-,-,-,-,85,-,-,-,-,-,-,-,-,1,-,108,-,-,-,-,-,-,143,-,-,-,4,-,-,-,-
2011,41,-,-,-,-,-,2,-,-,5,-,4,-,-,-,-,-,-,-,-,-,-,1,41,1,1,-,-,-,-,-,-,-,90,-,-,-,-,7,-,-,-,-,-,97,-,-,1,-,-,-,60,-,-,-,4,-,-,-,-
2011,42,-,-,-,-,-,1,-,-,5,-,1,-,-,-,-,-,-,-,-,-,-,-,17,-,1,-,-,-,-,-,-,-,71,-,-,-,3,9,-,-,-,-,-,112,-,-,-,-,-,-,80,-,4,-,2,-,5,-,-
2011,43,-,-,-,-,-,-,-,1,3,-,6,-,-,-,1,-,-,-,-,-,-,-,12,-,-,-,-,-,-,-,-,-,86,-,-,-,-,1,-,-,-,-,-,116,-,-,-,-,-,-,102,-,2,-,22,6,-,-,-
2011,44,-,-,-,-,-,-,-,-,-,-,2,1,-,-,-,-,-,-,-,-,-,-,7,1,-,-,-,-,-,-,-,-,69,-,-,-,12,-,-,-,-,-,-,105,-,6,-,-,1,-,95,-,1,-,14,-,1,-,-
2011,45,-,-,-,-,-,-,-,-,5,1,3,-,-,-,-,-,-,-,-,-,-,1,6,-,-,-,-,-,-,-,-,-,71,-,-,-,-,-,-,-,-,-,-,88,-,-,-,-,-,1,35,-,-,-,6,1,3,1,-
2011,46,-,-,-,-,-,-,-,-,-,-,2,-,-,-,-,-,-,-,-,-,-,-,6,-,-,-,-,-,-,-,-,-,55,-,-,-,-,-,-,1,-,-,-,100,-,-,-,-,1,-,92,-,-,-,1,-,-,1,-
2011,47,-,-,-,-,-,1,-,-,-,-,3,-,-,-,-,-,-,-,-,-,-,-,12,-,-,-,-,-,-,-,-,-,36,-,-,-,-,-,-,-,-,-,-,76,-,3,-,-,-,-,46,-,1,-,4,-,-,-,-
2011,48,1,-,-,-,-,2,-,-,2,-,7,-,-,-,-,-,-,-,-,-,-,-,4,-,-,-,-,-,-,-,-,-,78,-,-,-,-,-,-,-,-,-,-,89,-,-,-,-,-,-,93,-,3,-,3,2,-,-,-
2011,49,1,-,-,-,-,1,-,-,4,-,7,-,-,-,-,-,-,-,-,-,-,1,17,-,1,-,-,-,-,-,-,-,-,-,-,-,1,-,-,1,-,-,-,90,-,-,-,-,-,-,62,-,-,-,13,-,-,-,1
2011,50,1,-,-,-,-,-,-,-,-,-,5,-,-,-,-,-,-,-,-,-,-,-,9,-,1,-,-,-,-,-,-,-,-,-,-,-,-,-,-,-,-,-,-,94,-,-,-,-,-,2,56,-,1,-,4,2,-,-,-
2011,51,-,-,-,-,-,-,-,-,-,-,3,1,-,-,-,-,-,-,-,1,-,-,4,-,-,-,-,-,-,-,-,-,58,-,-,-,-,-,-,-,-,-,-,84,-,-,-,-,1,2,52,-,1,-,7,1,6,-,-
2011,52,-,-,-,-,-,2,-,-,-,-,8,-,-,-,-,-,-,-,-,-,-,-,1,-,-,-,-,-,-,-,-,-,28,-,-,-,-,-,-,-,-,-,-,10,-,3,-,-,1,-,34,-,-,-,3,-,4,-,-
2012,1,-,-,-,-,-,-,-,-,1,1,3,-,-,-,1,-,-,-,-,-,-,-,8,-,-,-,-,-,-,-,-,-,37,-,-,-,-,-,-,2,-,-,-,15,-,-,-,-,-,-,-,-,-,-,2,-,-,-,-
2012,2,-,-,-,-,-,3,-,-,5,-,1,-,-,-,-,-,-,-,-,-,-,-,6,-,1,-,-,-,-,-,-,-,81,-,-,-,-,-,-,1,-,-,-,13,-,-,-,-,-,-,4,-,1,-,1,-,2,-,-
2012,3,-,-,-,-,-,7,-,-,2,-,4,1,-,-,-,-,-,-,-,-,-,-,3,-,-,-,-,-,-,-,-,-,58,-,-,-,-,-,-,1,-,-,-,20,-,-,-,-,-,-,9,-,1,-,3,-,4,-,-
2012,4,-,-,-,-,-,-,-,-,2,-,6,-,-,-,-,-,-,-,-,-,-,-,6,-,1,-,-,-,-,-,-,-,58,-,-,-,-,-,-,1,-,-,-,23,-,-,1,-,-,-,14,-,1,-,6,-,-,-,-
2012,5,-,-,-,-,-,-,-,-,3,-,1,1,-,-,1,-,-,-,-,-,-,-,2,-,-,-,-,-,-,-,-,-,39,-,-,-,1,-,-,-,-,-,-,18,-,1,-,-,-,-,21,-,-,-,3,-,-,-,1
2012,6,-,-,-,-,-,-,-,-,3,-,2,-,-,-,-,-,-,-,-,-,-,-,3,-,-,-,-,-,-,1,-,-,-,-,-,-,-,-,-,-,-,-,-,12,-,-,-,-,-,1,29,-,-,-,4,-,-,-,-
2012,7,-,1,-,-,-,1,-,-,3,-,3,-,-,-,-,-,-,-,-,-,-,-,1,-,-,-,-,-,-,-,-,-,30,-,-,-,-,-,-,-,-,-,-,15,-,-,-,-,-,-,10,-,1,-,7,-,-,-,-
2012,8,-,-,-,-,-,-,-,-,-,-,1,-,-,-,-,-,-,-,-,-,-,-,4,-,-,-,-,-,-,-,1,-,44,-,-,-,-,-,-,1,-,-,-,12,-,-,-,-,-,-,17,-,-,-,3,-,-,-,-
2012,9,-,-,-,-,-,-,-,-,1,-,2,-,-,-,-,-,-,-,-,-,-,-,4,-,-,-,-,-,-,-,-,1,26,-,-,-,-,-,-,-,-,-,-,17,-,-,-,-,-,-,22,-,1,-,-,-,-,-,-
2012,10,-,-,-,-,-,-,-,-,-,-,4,-,-,-,-,-,-,-,-,-,-,-,8,-,-,-,-,-,-,-,-,-,63,-,-,-,-,-,-,-,-,-,-,25,-,-,-,-,-,-,22,-,-,-,2,-,1,-,-
2012,11,-,-,-,-,-,-,-,-,3,-,-,-,-,-,-,-,-,-,-,-,-,-,5,-,-,-,-,-,-,-,-,-,30,-,-,-,-,-,-,-,-,-,-,4,-,-,-,-,-,1,20,-,-,-,3,-,-,-,-
2012,12,-,-,-,-,-,-,-,-,-,-,2,-,-,-,-,-,-,-,-,-,-,1,7,2,-,-,-,-,-,-,-,-,33,-,-,-,-,-,-,-,-,-,-,15,-,1,-,-,-,-,18,-,-,-,9,-,-,-,-
2012,13,-,-,-,-,-,-,-,-,3,-,2,-,-,-,-,-,-,-,-,-,-,-,2,-,1,-,-,-,-,-,-,1,43,-,-,-,-,-,-,-,-,-,-,33,-,-,-,-,-,-,25,-,-,-,2,-,-,1,-
2012,14,-,-,-,-,-,-,-,-,-,-,2,-,-,-,-,-,-,-,-,1,-,-,7,-,-,-,-,-,-,-,-,-,28,-,-,-,-,-,-,-,-,-,-,28,-,-,-,-,-,-,47,-,-,-,-,-,-,-,-
2012,15,-,-,-,-,-,-,-,-,-,-,3,-,-,-,-,-,-,-,-,-,-,1,2,-,2,-,-,-,-,-,-,-,37,-,-,-,-,-,-,-,-,-,-,17,-,-,-,-,-,-,28,-,-,-,3,-,-,-,-
2012,16,-,-,-,-,-,-,-,-,5,-,-,-,-,-,-,-,-,-,-,-,-,-,44,-,-,-,-,-,-,-,-,-,60,-,-,-,-,-,-,1,-,-,-,30,-,-,-,-,1,-,25,-,1,-,5,-,-,-,-
2012,17,-,-,-,-,-,-,-,-,2,-,-,-,-,-,-,-,-,-,-,-,-,-,19,-,-,-,-,-,-,-,-,-,48,-,-,-,3,-,-,-,-,-,-,20,-,1,-,-,-,-,37,-,1,-,4,-,-,-,-
2012,18,-,-,-,-,-,-,-,-,3,-,1,-,-,-,-,-,-,-,-,-,-,1,15,-,-,-,-,-,-,-,-,-,40,-,-,-,-,-,-,-,-,-,-,33,-,3,-,-,-,-,25,-,4,-,5,-,-,-,-
2012,19,-,-,-,-,-,-,-,3,1,-,-,-,-,-,-,-,-,-,-,-,-,-,56,-,-,-,-,-,-,-,-,-,61,-,-,-,-,-,-,1,-,-,-,28,-,1,-,-,1,-,41,-,3,-,6,1,-,-,-
2012,20,-,-,-,-,-,-,-,1,2,-,1,1,-,-,-,-,-,-,-,-,-,-,23,-,-,-,-,-,-,1,-,-,-,-,-,-,-,-,-,1,-,-,-,23,-,3,-,-,-,-,29,-,4,-,6,-,-,-,-
2012,21,-,-,-,-,-,-,-,-,2,-,6,-,-,-,-,-,-,-,-,-,-,-,22,-,-,-,-,1,-,1,-,-,-,-,-,-,5,-,-,-,-,1,-,31,-,-,-,-,-,-,37,-,7,-,10,-,-,-,1
2012,22,-,-,-,-,-,-,-,-,7,-,2,-,-,-,-,-,-,-,-,-,-,-,10,-,2,-,-,-,-,-,-,-,1,-,-,-,-,-,-,-,-,-,-,22,-,-,-,-,-,-,40,-,7,-,16,1,-,1,-
2012,23,-,-,-,-,-,-,-,3,6,-,4,-,-,-,-,-,-,-,-,-,-,1,20,-,-,-,-,-,-,-,-,-,1,-,-,-,-,-,-,-,-,-,-,37,-,-,-,-,-,-,39,-,7,-,9,-,-,-,-
2012,24,-,-,-,-,-,-,-,1,-,-,1,-,-,-,-,-,-,-,-,-,-,-,24,-,-,-,-,-,-,1,-,-,2,-,-,-,-,-,-,1,-,-,-,61,-,-,-,-,1,-,43,-,4,-,18,2,-,-,-
2012,25,-,-,-,-,-,-,-,1,-,-,5,-,-,-,-,-,-,-,-,-,-,-,11,-,-,-,-,-,-,-,-,-,-,-,-,-,-,-,-,-,-,-,-,76,-,4,-,-,-,-,-,-,9,-,31,-,-,-,-
2012,26,1,1,-,-,-,-,-,1,1,-,-,-,-,-,-,-,-,-,-,-,-,-,25,-,-,-,-,-,-,1,-,-,2,-,-,-,-,-,-,-,-,1,-,70,-,-,-,-,-,-,90,-,4,-,13,-,-,2,-
2012,27,-,-,-,-,-,-,-,-,6,-,3,-,-,-,-,-,-,-,-,-,-,-,5,-,-,-,-,-,-,-,-,-,-,-,-,-,-,-,-,-,-,-,-,46,-,8,-,-,3,-,63,-,5,-,22,-,-,-,-
2012,28,-,-,-,-,-,1,-,6,9,-,3,-,-,-,-,-,-,-,-,-,-,-,33,-,-,-,-,-,-,-,-,-,-,-,-,-,-,-,-,-,-,1,-,79,-,-,-,-,-,-,109,-,7,-,18,-,-,-,-
2012,29,-,-,-,-,-,-,-,-,8,-,2,-,-,-,-,-,-,-,-,-,-,2,30,6,-,-,-,-,-,-,-,-,-,-,-,-,-,-,-,3,-,-,-,87,-,-,-,-,1,1,89,-,6,-,12,-,-,1,-
2012,30,1,-,-,-,-,-,-,1,9,-,3,-,-,-,-,-,-,-,-,-,-,-,18,-,-,-,-,-,-,2,-,-,-,-,-,-,-,-,-,3,-,-,-,67,-,-,-,-,-,-,107,-,9,-,29,4,-,-,-
2012,31,-,-,-,-,-,1,-,-,6,-,2,-,-,-,-,-,-,-,-,-,-,2,14,-,2,-,-,-,-,1,-,-,-,-,-,-,6,-,-,3,-,-,-,96,-,-,-,-,-,-,90,-,6,-,16,-,4,-,-
2012,32,-,-,-,-,-,-,-,-,5,-,5,-,-,-,-,-,-,-,-,-,-,-,11,-,-,-,-,-,1,1,-,-,-,-,-,-,-,-,-,5,-,-,-,73,-,2,-,-,-,1,110,-,12,-,10,-,-,-,-
2012,33,-,-,-,-,-,-,-,-,1,-,5,-,-,-,-,-,-,-,-,-,-,-,7,2,-,-,-,-,-,-,-,-,-,-,-,-,-,-,-,1,-,1,-,60,-,-,-,-,1,-,156,-,2,-,-,-,-,-,-
2012,34,-,-,-,-,-,1,-,1,5,-,1,-,-,-,1,-,-,-,-,-,-,-,9,-,2,-,-,-,-,-,-,-,-,-,-,-,9,-,-,1,-,-,-,44,-,-,-,-,-,-,74,-,2,-,13,-,-,-,-
2012,35,-,-,-,-,-,1,-,-,-,-,3,-,-,-,-,-,-,-,-,-,-,-,5,-,-,-,-,-,-,-,-,-,-,-,-,-,-,-,-,1,-,1,-,60,-,-,-,-,-,-,59,-,1,-,6,1,-,-,-
2012,36,-,-,-,-,-,-,-,1,-,-,2,1,-,-,-,-,-,-,-,-,-,-,3,-,1,-,-,-,-,-,-,-,-,-,-,-,-,-,-,2,-,-,-,35,-,-,-,-,-,-,53,-,-,-,2,-,1,-,-
2012,37,-,-,-,-,-,-,-,-,-,-,6,-,-,-,-,-,-,-,-,-,-,1,18,-,-,-,-,1,-,1,-,-,2,-,-,-,-,-,-,2,-,-,-,38,-,3,-,-,-,2,67,-,4,-,10,1,-,-,-
2012,38,-,-,-,-,-,-,-,1,5,-,4,-,-,-,-,-,-,-,-,-,-,-,6,-,1,-,-,-,-,-,-,-,-,-,-,-,-,-,-,1,-,1,-,44,-,-,-,-,2,-,82,-,-,-,24,2,-,-,-
2012,39,-,-,-,-,-,1,-,-,4,-,-,-,-,-,-,-,-,-,-,-,-,3,25,-,-,-,-,-,-,-,-,1,-,-,-,-,11,-,-,-,-,-,-,32,-,-,-,-,-,-,72,-,5,-,7,-,-,-,-
2012,40,-,-,-,-,-,3,-,-,-,-,4,-,-,-,-,-,-,-,-,-,-,1,16,-,-,-,-,-,-,-,1,-,-,-,-,-,-,-,-,1,-,-,-,37,-,-,-,-,-,-,53,-,2,-,33,-,-,-,-
2012,41,-,-,-,-,-,-,-,-,-,-,2,-,-,-,-,-,-,-,-,-,-,2,6,-,-,-,-,-,-,-,-,1,-,-,-,-,3,-,-,1,-,-,-,21,-,-,-,-,-,-,37,-,-,-,1,-,-,-,1
2012,42,-,-,-,-,-,-,-,1,1,-,5,-,-,-,-,-,-,-,-,-,-,2,8,2,-,-,-,-,-,-,-,-,-,-,-,-,5,-,-,-,-,-,-,29,-,-,-,-,-,-,54,-,-,-,12,-,-,-,-
2012,43,-,-,-,-,-,-,-,-,-,-,3,-,-,-,-,-,-,-,-,-,-,2,5,-,-,-,-,-,-,-,-,-,-,-,-,-,4,-,-,1,-,-,-,-,-,-,-,-,1,-,74,-,2,-,3,-,-,-,-
2012,44,1,-,-,-,-,-,-,-,-,-,2,-,-,-,-,-,-,-,-,-,-,1,6,-,-,-,-,-,-,-,-,-,-,-,-,-,-,-,-,1,-,-,-,17,-,-,-,-,1,-,61,-,2,-,8,-,-,-,-
2012,45,1,-,-,-,-,-,-,-,-,-,6,-,-,-,-,-,-,-,-,-,-,-,12,-,1,-,-,-,-,-,-,-,-,-,-,-,-,-,-,-,-,-,-,28,-,-,-,-,-,-,36,-,1,-,9,2,1,-,-
2012,46,-,1,-,-,-,-,-,-,2,-,3,-,-,-,-,-,-,-,-,-,-,-,5,-,1,-,-,-,-,-,-,-,-,-,-,-,-,-,-,1,-,1,-,24,-,-,-,-,-,-,32,-,-,-,5,-,-,-,-
2012,47,-,-,-,-,-,-,-,-,6,-,2,-,-,-,1,-,-,-,-,-,-,3,42,-,1,1,-,-,-,-,-,-,-,-,-,-,-,-,-,-,-,-,-,13,-,-,-,-,-,-,10,-,-,-,7,-,-,-,-
2012,48,-,-,-,-,-,-,-,1,4,-,6,-,-,-,-,-,-,-,-,-,-,1,78,-,-,-,-,-,-,-,-,-,1,-,-,-,-,-,-,-,-,-,-,26,-,-,-,-,-,1,58,-,3,-,13,-,-,-,-
2012,49,-,-,-,-,-,-,-,-,8,-,4,-,-,-,2,-,-,-,-,-,-,-,-,-,-,-,-,-,-,-,-,-,-,-,-,-,-,-,-,-,-,-,-,27,-,-,-,-,-,-,61,-,4,-,13,-,-,-,-
2012,50,-,-,-,-,-,-,-,-,3,-,2,-,-,-,-,-,-,-,-,-,-,2,1,2,-,-,-,-,-,-,-,-,-,-,-,-,-,-,-,1,-,-,-,22,-,-,-,-,-,2,47,-,1,-,6,-,-,-,-
2012,51,-,-,-,-,-,-,-,-,-,-,2,-,-,-,-,-,-,-,-,-,-,-,19,-,-,-,-,-,-,-,-,-,-,-,-,-,-,-,-,-,-,-,-,32,-,-,-,-,-,-,54,-,1,-,12,-,-,-,-
2012,52,-,-,-,-,-,-,-,1,-,-,5,-,-,-,-,-,-,-,-,-,-,-,-,-,-,-,-,-,-,-,-,-,-,-,-,-,-,-,-,1,-,1,-,12,-,-,-,-,-,-,26,-,-,-,7,-,-,1,-
2013,1,-,-,-,-,-,-,-,1,1,-,-,-,-,-,-,-,-,-,-,-,-,-,25,1,-,-,-,-,-,-,-,-,-,-,-,-,-,-,-,-,-,-,-,2,-,-,-,-,-,-,1,-,-,-,2,-,-,-,-
2013,2,-,-,-,-,-,-,-,-,5,-,1,-,-,-,-,-,-,-,-,-,-,-,33,-,-,-,-,-,-,-,-,-,-,-,-,-,-,-,-,-,-,-,-,20,-,-,-,-,-,-,4,-,-,-,2,-,-,-,-
2013,3,-,-,-,-,-,-,-,-,-,-,2,-,-,-,-,-,-,-,-,-,-,-,12,-,1,-,-,-,-,-,-,-,-,-,-,-,-,-,-,-,-,-,-,10,-,-,-,-,-,-,8,-,1,-,-,-,1,-,-
2013,4,-,-,-,-,-,-,-,-,2,-,2,-,-,-,-,-,-,-,-,-,-,-,3,-,-,-,-,-,-,-,-,-,-,-,-,-,-,-,-,1,-,-,-,15,-,-,-,-,-,-,6,-,-,-,1,-,-,-,-
2013,5,-,-,-,-,-,-,-,-,2,-,1,1,-,-,3,-,-,-,-,-,-,-,8,-,-,-,-,-,-,-,-,-,-,-,-,-,-,-,-,-,-,-,-,13,-,-,-,-,-,-,7,-,-,-,-,-,-,-,-
2013,6,-,-,-,-,-,-,-,-,-,-,1,-,-,-,-,-,-,-,-,-,-,-,3,-,1,-,-,-,-,-,-,-,-,-,-,-,-,-,-,2,-,-,-,6,-,-,-,-,-,-,13,-,1,-,1,-,-,-,-
2013,7,-,-,-,-,-,1,-,-,-,-,5,-,-,-,-,-,-,-,-,-,-,-,8,-,-,-,-,-,-,-,-,-,-,-,-,-,-,-,-,-,-,-,-,10,-,-,-,-,-,-,15,-,-,-,5,-,-,-,-
2013,8,-,-,-,-,-,-,-,-,-,-,2,-,-,-,-,-,-,-,-,-,-,-,11,-,-,-,-,-,-,-,-,-,-,-,-,-,6,-,-,1,-,-,-,9,-,-,-,-,-,-,9,-,-,-,4,-,-,-,-
2013,9,-,-,-,-,-,-,-,-,3,-,1,-,-,-,-,-,-,-,-,-,-,-,13,-,-,-,-,-,-,-,-,-,-,-,-,-,-,-,-,2,-,-,-,14,-,-,-,-,-,-,11,-,-,-,16,-,1,-,-
2013,10,-,-,-,-,-,-,-,-,-,-,-,-,-,-,-,-,-,-,-,-,-,-,1,-,-,-,-,-,-,-,-,-,-,-,-,-,1,-,-,-,-,-,-,6,-,-,-,-,-,-,16,-,-,-,1,-,-,-,-
2013,11,-,-,-,-,-,-,-,-,1,-,-,-,-,-,-,-,-,-,-,-,-,-,-,-,-,-,-,-,-,-,-,-,-,-,-,-,-,-,-,-,-,-,-,8,-,-,-,-,-,-,11,-,-,-,-,-,-,-,-
2013,12,-,-,-,-,-,-,-,-,2,-,1,-,-,-,-,-,-,-,-,-,-,-,9,-,-,-,-,-,-,-,-,-,-,-,-,-,-,-,-,-,-,1,-,10,-,-,-,-,-,-,5,-,-,-,3,-,-,-,-
2013,13,-,-,-,-,-,-,-,-,-,-,1,-,-,-,-,-,-,-,-,-,-,-,3,-,1,-,-,-,-,-,-,-,-,-,-,-,-,-,-,1,-,-,-,6,-,-,-,-,-,-,17,-,-,-,6,1,-,-,-
2013,14,-,-,-,-,-,-,-,1,1,-,-,-,-,-,-,-,-,-,-,1,-,-,-,-,-,-,-,1,-,-,-,-,-,-,-,-,3,-,-,2,-,-,-,18,-,-,-,-,-,-,21,-,-,-,2,-,-,-,-
2013,15,-,-,-,-,-,-,-,-,2,-,-,-,-,-,-,-,-,-,-,-,-,-,8,-,-,-,-,-,-,-,-,-,-,-,-,-,-,-,-,-,-,-,-,18,-,5,-,-,-,-,16,-,-,-,8,-,-,-,-
2013,16,-,-,-,-,-,-,-,-,4,-,3,-,-,-,-,-,-,-,-,-,-,1,6,-,-,-,-,-,-,-,-,-,-,-,-,-,-,-,-,-,-,-,-,14,-,-,-,-,-,-,12,-,-,-,7,-,-,-,-
2013,17,-,-,-,-,-,-,-,-,-,-,3,-,-,-,-,-,-,-,-,1,-,-,11,-,-,-,-,-,-,-,-,-,-,-,-,-,-,-,-,-,-,-,-,16,-,-,-,-,-,-,17,-,2,-,6,-,-,-,-
2013,18,-,-,-,-,-,-,-,-,-,-,3,1,-,-,-,-,-,-,-,-,-,-,3,-,-,-,-,-,-,1,-,-,-,-,-,-,-,-,-,-,-,1,-,41,-,-,-,-,-,-,26,-,2,-,10,-,-,1,-
2013,19,-,-,-,-,-,-,-,-,-,-,1,-,-,-,-,-,-,-,-,-,-,1,15,-,-,-,-,-,-,-,-,-,-,-,-,-,-,-,-,-,-,-,-,15,-,-,-,-,-,2,15,-,-,-,20,-,-,-,-
2013,20,-,-,-,-,-,-,-,-,-,-,3,-,-,-,-,-,-,-,-,-,-,-,9,1,-,-,-,-,-,-,-,-,-,-,-,-,2,-,-,-,-,-,-,16,-,-,-,-,-,-,36,-,-,-,6,-,-,-,-
2013,21,1,-,-,-,-,-,-,1,-,-,2,-,-,-,-,-,-,-,-,-,-,1,4,-,-,-,-,-,-,-,-,-,1,-,-,-,-,-,-,1,-,-,-,18,-,-,-,-,-,-,26,-,1,-,7,-,-,-,-
2013,22,-,-,-,-,-,-,-,-,-,-,2,-,-,-,-,-,-,-,-,-,-,-,9,-,1,-,-,-,-,-,-,-,4,-,-,-,-,-,-,-,-,-,-,24,-,-,-,-,-,-,24,-,3,-,6,-,-,3,-
2013,23,-,-,-,-,-,-,-,-,-,-,1,-,-,-,1,-,-,-,-,-,-,1,15,-,-,-,-,-,-,-,-,-,-,-,-,-,-,-,-,2,-,-,-,46,-,-,-,-,-,-,39,-,5,-,12,-,-,2,-
2013,24,-,-,-,-,-,-,-,1,-,-,4,-,-,-,-,-,-,-,-,-,-,-,-,2,1,-,-,-,-,1,-,-,2,-,-,-,-,-,-,-,-,-,-,92,-,-,2,-,-,2,-,-,10,-,18,1,-,1,-
2013,25,-,-,-,-,-,-,-,-,-,-,-,-,-,-,-,-,-,-,-,-,-,-,-,-,-,-,-,-,-,1,-,-,2,-,-,-,-,-,-,3,-,1,-,106,-,-,-,-,-,-,76,-,15,-,-,1,-,4,-
2013,26,-,-,-,-,-,-,-,-,-,-,4,-,-,-,-,-,-,-,-,-,-,-,-,-,1,-,-,-,-,1,-,-,-,-,-,-,26,-,-,2,-,-,-,107,-,-,1,-,-,-,108,-,14,-,-,-,-,8,-
2013,27,-,-,-,-,-,-,-,-,-,-,4,-,-,-,-,-,-,-,-,-,-,-,10,-,3,-,-,-,-,2,-,-,1,-,-,-,2,-,-,1,-,-,-,96,-,15,-,-,-,-,108,-,20,-,-,2,1,2,-
2013,28,-,-,-,-,-,-,-,-,4,-,5,-,-,-,2,-,-,-,-,-,-,3,26,-,2,-,-,-,2,-,-,-,-,-,-,-,-,-,-,3,-,-,-,170,-,-,-,-,1,1,163,-,25,-,39,1,-,9,-
2013,29,-,-,-,-,-,-,-,-,-,-,4,-,-,-,-,-,-,-,-,-,-,2,7,-,1,-,-,-,-,1,1,-,3,-,-,-,1,-,-,4,-,1,-,158,-,-,-,-,1,1,210,-,17,-,26,-,-,5,-
2013,30,1,-,-,-,-,-,-,-,-,-,5,-,-,-,-,-,-,-,-,1,-,-,34,-,3,-,-,-,2,2,-,1,-,-,-,-,9,-,-,3,-,3,-,188,-,-,-,-,-,1,240,-,26,-,24,-,-,3,-
2013,31,1,-,-,-,-,-,-,-,-,-,14,-,-,-,-,-,-,-,-,-,-,-,21,-,1,-,-,-,-,1,1,-,2,-,-,-,2,-,-,2,-,-,-,152,-,-,-,-,-,-,261,-,35,-,23,-,-,-,1
2013,32,-,-,-,-,-,-,-,-,2,-,4,-,-,-,-,-,-,-,-,-,-,-,18,4,-,-,-,-,-,2,-,4,-,-,-,-,-,-,-,3,-,-,-,144,-,-,-,-,-,1,240,-,15,-,18,1,-,-,1
2013,33,-,-,-,-,-,-,-,-,4,-,6,-,-,-,1,-,-,-,-,-,-,3,8,3,-,-,-,1,-,3,-,-,-,-,-,-,2,-,-,3,-,-,-,126,-,-,-,-,-,-,-,-,20,-,17,1,-,1,-
2013,34,-,-,-,-,-,-,-,4,7,-,4,-,-,-,-,-,-,-,-,-,-,-,-,1,1,-,-,-,-,-,-,-,-,-,-,-,8,-,-,2,-,-,-,99,-,-,-,-,-,-,-,-,-,-,3,-,-,-,-
2013,35,-,1,-,-,-,1,-,3,1,-,8,-,-,-,-,-,-,-,-,-,-,-,-,4,-,-,-,-,-,-,-,-,-,-,-,-,2,-,-,2,-,-,-,88,-,-,-,-,-,-,-,-,10,-,-,-,-,1,-
2013,36,2,-,-,-,-,-,-,1,6,-,7,-,-,-,-,-,-,-,-,1,-,-,10,-,-,-,-,-,-,-,-,-,1,-,-,-,11,-,-,3,-,-,-,48,-,-,-,-,-,-,-,-,12,-,6,-,-,-,-
2013,37,-,-,-,-,-,-,-,1,6,-,9,-,-,-,-,-,-,-,-,-,-,-,3,-,3,-,-,2,-,-,-,-,-,-,-,-,4,-,-,3,-,-,-,51,-,-,-,-,-,-,-,-,2,-,4,1,-,-,-
2013,38,-,-,-,-,-,-,-,2,7,-,7,-,-,-,-,-,-,-,-,-,-,-,-,1,-,-,-,-,-,-,-,-,-,-,-,-,4,-,-,-,-,1,-,43,-,-,-,-,-,-,-,-,-,-,-,2,-,-,-
2013,39,-,2,-,-,-,-,-,1,3,-,5,-,-,-,-,-,-,-,-,-,-,1,9,-,1,-,-,-,-,2,1,-,-,-,-,-,5,-,-,2,-,-,-,51,-,2,-,-,-,-,-,-,15,-,15,2,1,-,-
2013,40,1,-,-,-,-,-,-,2,2,-,4,-,-,-,-,-,-,-,-,-,-,2,7,1,-,-,-,-,-,-,-,-,-,-,-,-,1,-,-,2,-,-,-,35,-,-,1,-,-,-,-,-,7,-,23,1,1,1,-
2013,41,-,-,-,-,-,-,-,3,2,-,3,-,-,-,-,-,-,-,-,-,-,-,10,-,1,-,-,-,-,-,-,-,-,-,-,-,8,-,-,5,-,-,-,25,-,-,-,-,1,-,-,-,11,-,24,-,-,-,-
2013,42,-,-,-,-,-,-,-,-,-,-,-,-,-,-,-,-,-,-,-,-,-,1,4,-,1,-,-,-,2,1,-,-,3,-,-,-,3,-,-,-,-,-,-,36,-,-,-,-,2,-,-,-,1,-,7,-,-,-,-
2013,43,-,-,-,-,-,-,-,-,4,-,1,-,-,-,-,-,-,-,-,-,-,3,9,-,1,-,-,-,-,-,-,-,-,-,-,-,-,-,-,-,-,1,-,34,-,16,-,-,-,-,-,-,12,-,9,1,-,2,-
2013,44,-,1,-,-,-,-,-,-,8,-,6,-,-,-,-,-,-,-,-,-,-,1,9,3,-,-,-,-,-,-,1,-,-,-,-,-,-,-,-,-,-,-,-,25,-,-,-,-,4,-,-,-,2,-,21,-,-,-,-
2013,45,-,-,-,-,-,-,-,-,3,-,-,-,-,-,-,-,-,-,-,-,-,1,2,-,-,-,-,-,1,2,-,-,1,-,-,-,-,-,-,-,-,1,-,23,-,-,-,-,-,-,-,-,3,-,16,-,-,-,-
2013,46,-,-,-,-,-,-,-,-,6,-,3,-,-,-,-,-,-,-,-,-,-,1,9,1,-,-,-,-,-,-,2,-,-,-,-,-,7,-,-,-,-,-,-,25,-,-,-,-,1,-,-,-,3,-,17,1,-,-,-
2013,47,-,-,-,-,-,-,-,-,-,-,-,-,-,-,1,-,-,-,-,-,-,1,9,-,-,-,-,-,1,2,-,-,1,-,-,-,-,-,-,-,-,-,-,33,-,-,-,-,-,-,-,-,3,-,11,-,-,-,-
2013,48,-,2,-,-,-,-,-,-,1,-,2,-,-,-,-,-,-,-,-,-,-,-,-,-,-,-,-,-,-,-,-,-,-,-,-,-,1,-,-,-,-,-,-,24,-,-,-,-,-,-,-,-,4,-,4,-,-,-,-
2013,49,-,-,-,-,-,-,-,-,3,-,5,-,-,-,-,-,-,-,-,-,-,-,3,-,-,-,-,-,1,-,-,-,-,-,-,-,-,-,-,5,-,-,-,23,-,6,-,-,-,-,-,-,-,-,7,-,1,-,-
2013,50,-,-,-,-,-,-,-,-,2,-,4,-,-,-,-,-,-,-,-,-,-,-,3,-,-,-,-,-,-,-,-,-,-,-,-,-,-,-,-,-,-,-,-,36,-,9,-,-,-,-,-,-,1,-,16,-,-,-,-
2013,51,-,-,-,-,-,-,-,-,-,-,6,-,-,-,-,-,-,-,-,-,-,-,2,-,-,-,-,-,-,-,-,-,-,-,-,-,-,-,-,-,-,-,-,28,-,2,-,-,-,-,-,-,-,-,2,-,-,1,-
2013,52,-,-,-,-,-,-,-,-,-,-,3,-,-,-,-,-,-,-,-,-,-,-,1,-,-,-,-,-,-,-,-,-,-,-,-,-,-,-,-,2,-,-,-,11,-,-,-,-,-,-,-,-,1,-,19,-,-,-,-
2014,1,-,-,-,-,-,-,-,-,-,-,1,-,-,-,-,-,-,-,-,-,-,-,1,-,1,-,-,-,-,-,-,-,-,-,-,-,-,-,-,-,-,-,-,7,-,-,-,-,-,-,-,-,-,-,-,-,-,-,-
2014,2,-,-,-,-,-,-,-,-,-,-,-,-,-,-,-,-,-,-,-,-,-,-,-,-,1,-,-,-,-,-,-,-,-,-,-,-,-,-,-,-,-,-,-,10,-,-,-,-,-,-,-,-,-,-,-,-,1,-,-
2014,3,-,-,-,-,-,-,-,-,1,-,2,-,-,-,-,-,-,-,-,-,-,-,-,-,-,-,-,-,-,1,-,-,-,-,-,-,-,-,-,-,-,-,-,7,-,-,-,-,-,-,-,-,-,-,-,-,-,-,-
2014,4,-,-,-,-,-,-,-,-,1,-,1,-,-,-,1,-,-,-,-,-,-,-,1,-,-,-,-,-,-,-,-,-,-,-,-,-,-,-,-,-,-,-,-,5,-,-,-,-,-,-,-,-,-,-,1,-,-,-,-
2014,5,-,1,-,-,-,-,-,-,3,-,1,-,-,-,-,-,-,-,-,-,-,-,-,-,-,-,-,-,-,-,-,-,-,-,-,-,3,-,-,-,-,-,-,12,-,-,-,-,-,-,-,-,-,-,1,-,-,-,-
2014,6,-,-,-,-,-,-,-,-,-,-,2,-,-,-,-,-,-,-,-,-,-,-,2,-,-,-,-,-,-,1,-,-,-,-,-,-,-,-,-,-,-,-,-,8,-,-,-,-,-,-,-,-,-,-,6,-,-,-,-
2014,7,-,-,-,-,-,-,-,-,1,-,2,-,-,-,-,-,-,-,-,-,-,-,4,-,-,-,-,-,-,-,-,-,-,-,-,-,-,-,-,-,-,-,-,10,-,-,-,-,-,-,-,-,-,-,1,-,-,-,-
2014,8,-,-,-,-,-,-,-,-,-,-,-,-,-,-,-,-,-,-,-,-,-,-,-,-,-,-,-,-,-,-,-,-,-,-,-,-,-,-,-,-,-,-,-,7,-,-,-,-,1,-,-,-,-,-,1,-,-,-,-
2014,9,-,-,-,-,-,-,-,-,3,-,2,-,-,-,-,-,-,-,-,-,-,-,4,-,1,-,-,-,-,-,-,-,-,-,-,-,-,-,-,-,-,-,-,8,-,2,-,-,-,-,-,-,-,-,2,-,-,-,-
2014,10,-,-,-,-,-,-,-,-,1,-,2,-,-,-,-,-,-,-,-,-,-,-,1,-,-,-,-,-,-,-,-,-,-,-,-,-,3,-,-,2,-,-,-,20,-,-,-,-,-,-,-,-,-,-,1,-,-,-,-
2014,11,-,-,-,-,-,-,-,-,-,-,-,-,-,-,-,-,-,-,-,-,-,-,1,-,-,-,-,-,-,-,-,-,-,-,-,-,-,-,-,-,-,-,-,9,-,-,-,-,-,-,-,-,-,-,2,-,1,-,-
2014,12,-,-,-,-,-,-,-,-,3,-,1,-,-,-,-,-,-,-,-,-,-,-,2,-,-,-,-,-,-,-,-,-,-,-,-,-,-,-,-,-,-,-,-,11,-,2,-,-,-,-,-,-,-,-,5,-,-,-,-
2014,13,-,-,-,-,-,-,-,-,-,-,-,-,-,-,1,-,-,-,-,-,-,-,2,-,-,-,-,-,-,-,-,-,-,-,-,-,4,-,-,-,-,-,-,13,-,5,-,-,-,-,-,-,-,-,3,-,-,-,-
2014,14,-,-,-,-,-,-,-,-,2,-,1,-,-,-,-,-,-,-,-,-,-,-,-,-,1,-,-,-,1,-,-,-,-,-,-,-,-,-,-,1,-,-,-,32,-,-,-,-,-,-,-,-,-,-,5,-,1,-,-
2014,15,-,1,-,-,-,-,-,-,2,-,-,-,-,-,-,-,-,-,-,-,-,-,1,-,-,-,-,-,-,-,-,-,-,-,-,-,-,-,-,1,-,1,-,-,-,2,-,-,-,-,-,-,-,-,2,-,-,-,-
2014,16,-,1,-,-,-,-,-,-,4,-,4,-,-,-,-,-,-,-,-,-,-,-,2,-,-,-,-,-,-,-,-,-,-,-,-,-,-,-,-,-,-,-,-,32,-,-,-,-,1,-,-,-,-,-,13,-,-,1,-
2014,17,-,-,-,-,-,-,-,-,4,-,4,-,-,-,1,-,-,-,-,-,-,-,4,-,-,-,-,-,-,-,-,-,-,-,-,-,-,-,-,1,-,-,-,-,-,-,-,-,-,-,-,-,-,-,6,-,-,-,-
2014,18,-,-,-,-,-,-,-,-,1,-,3,-,-,-,-,-,-,-,-,-,-,2,2,1,-,-,-,1,-,-,-,-,-,-,-,-,4,-,-,-,-,-,-,46,-,3,-,-,-,-,-,-,-,-,9,-,-,-,-
2014,19,-,2,-,-,-,-,-,-,4,-,3,-,-,-,1,-,-,-,-,-,-,-,3,1,1,-,-,-,-,-,-,-,-,-,-,-,1,-,-,-,-,1,-,107,-,3,-,-,1,-,-,-,2,-,1,1,-,1,-
2014,20,1,-,-,-,-,-,-,-,-,-,1,-,-,-,1,-,-,-,-,-,-,1,3,-,-,-,-,-,-,-,-,-,-,-,-,-,-,-,-,-,-,1,-,125,-,-,-,-,-,-,-,-,1,-,10,2,-,-,-
2014,21,-,-,-,-,-,-,-,-,3,-,-,-,-,-,-,-,-,-,-,-,-,-,2,-,-,-,-,-,-,-,-,-,-,-,-,-,-,-,-,-,-,-,-,121,-,-,-,-,-,-,-,-,-,-,2,-,-,2,-
2014,22,-,-,-,-,-,-,-,-,1,-,2,-,-,-,-,-,-,-,-,-,-,-,1,-,-,-,-,-,-,-,-,-,1,-,-,-,-,-,-,-,-,1,-,120,-,4,-,-,-,-,-,-,1,-,6,-,-,1,-
2014,23,-,-,-,-,-,-,-,13,8,-,1,-,-,-,-,-,-,-,-,-,-,2,5,3,1,-,-,-,-,-,-,-,-,-,-,-,-,-,-,1,-,-,-,128,-,-,-,-,-,-,-,-,3,-,6,-,-,1,-
2014,24,-,-,-,-,-,-,-,-,14,-,1,-,-,-,-,-,-,-,-,5,-,2,13,1,-,-,-,-,-,-,-,-,-,-,-,-,-,-,-,-,-,-,-,158,-,-,-,-,-,-,-,-,-,-,21,-,-,-,-
2014,25,-,2,-,-,-,-,-,12,-,-,-,-,-,-,-,-,-,-,-,-,-,2,10,1,1,-,-,-,-,-,-,-,3,-,-,-,15,-,-,-,-,1,-,180,-,5,-,-,1,-,-,-,6,-,22,-,-,2,-
2014,26,2,-,-,-,-,-,-,5,5,-,2,-,-,-,1,-,-,-,-,2,-,1,24,-,-,-,-,-,-,-,-,-,2,-,-,-,10,-,-,6,-,-,-,238,-,12,-,-,1,-,-,-,13,-,15,-,-,1,-
2014,27,-,-,-,-,-,-,-,14,3,-,5,-,-,-,-,-,-,-,-,1,-,-,8,1,-,-,-,-,-,-,-,-,-,-,-,-,1,-,-,1,-,-,-,185,-,-,-,-,1,2,-,-,4,-,22,-,-,-,-
2014,28,2,-,-,-,-,-,-,10,4,-,1,-,-,-,-,1,-,-,-,-,-,3,21,-,-,-,-,-,-,-,-,-,-,-,-,-,-,-,-,3,-,1,-,251,-,-,-,-,-,-,-,-,11,-,22,-,-,-,-
2014,29,-,2,-,-,-,-,-,-,6,-,2,-,-,-,-,-,-,-,-,-,-,2,21,9,1,-,-,-,1,-,-,-,-,-,-,-,-,-,-,-,-,-,-,190,-,30,-,-,-,-,-,-,4,-,13,-,7,1,-
2014,30,1,-,-,-,-,-,-,3,6,-,4,-,-,-,-,-,-,-,-,1,-,-,25,12,-,-,-,-,1,-,-,-,-,-,-,-,-,-,-,5,-,1,-,175,-,28,-,-,1,1,-,-,13,-,32,-,3,1,-
2014,31,-,-,-,-,-,-,-,-,4,-,5,-,-,-,1,-,-,-,-,2,-,1,12,-,-,-,-,-,-,-,-,-,-,-,-,-,21,-,-,1,-,-,-,201,-,21,-,-,2,-,-,-,5,-,45,2,2,1,-